kenpom,kenpom_team_link,kenpom_team_link_ref,kenpom_conference_link,kenpom_conference_link_ref,NCAA,ESPN,ESPN_PBP,Warren_Nolan,Trank,name_247,sref_link,sref_name,conference,year
Abilene Christian,team.php?team=Abilene+Christian,Abilene+Christian,conf.php?c=WAC,WAC,Abilene Christian,Abil Christian,Abilene Christian,Abilene Christian,Abilene Christian,Abilene Christian,abilene-christian,Abilene Christian,WAC,2025
Air Force,team.php?team=Air+Force,Air+Force,conf.php?c=MWC,MWC,Air Force,Air Force,Air Force,Air Force,Air Force,Air Force,air-force,Air Force,MWC,2025
Akron,team.php?team=Akron,Akron,conf.php?c=MAC,MAC,Akron,Akron,Akron,Akron,Akron,Akron,akron,Akron,MAC,2025
Alabama,team.php?team=Alabama,Alabama,conf.php?c=SEC,SEC,Alabama,Alabama,Alabama,Alabama,Alabama,Alabama,alabama,Alabama,SEC,2025
Alabama A&M,team.php?team=Alabama+A%26M,Alabama+A%26M,conf.php?c=SWAC,SWAC,Alabama A&M,Alabama A&M,Alabama A&M,Alabama A&M,Alabama A&M,Alabama A&M,alabama-am,Alabama A&M,SWAC,2025
Alabama St.,team.php?team=Alabama+St.,Alabama+St.,conf.php?c=SWAC,SWAC,Alabama St.,Alabama State,Alabama State,Alabama State,Alabama St.,Alabama State,alabama-state,Alabama State,SWAC,2025
Albany,team.php?team=Albany,Albany,conf.php?c=AE,AE,UAlbany,Albany,Albany,Albany,Albany,Albany,albany-ny,Albany (NY),Am. East,2025
Alcorn St.,team.php?team=Alcorn+St.,Alcorn+St.,conf.php?c=SWAC,SWAC,Alcorn,Alcorn State,Alcorn State,Alcorn State,Alcorn St.,Alcorn State,alcorn-state,Alcorn State,SWAC,2025
American,team.php?team=American,American,conf.php?c=Pat,Pat,American,American,American,American,American,American,american,American,Patriot,2025
Appalachian St.,team.php?team=Appalachian+St.,Appalachian+St.,conf.php?c=SB,SB,App State,Appalachian St,Appalachian State,Appalachian State,Appalachian St.,Appalachian State,appalachian-state,Appalachian State,Sunbelt,2025
Arizona,team.php?team=Arizona,Arizona,conf.php?c=P12,P12,Arizona,Arizona,Arizona,Arizona,Arizona,Arizona,arizona,Arizona,Pac 12,2025
Arizona St.,team.php?team=Arizona+St.,Arizona+St.,conf.php?c=P12,P12,Arizona St.,Arizona State,Arizona State,Arizona State,Arizona St.,Arizona State,arizona-state,Arizona State,Pac 12,2025
Arkansas,team.php?team=Arkansas,Arkansas,conf.php?c=SEC,SEC,Arkansas,Arkansas,Arkansas,Arkansas,Arkansas,Arkansas,arkansas,Arkansas,SEC,2025
Arkansas Pine Bluff,team.php?team=Arkansas+Pine+Bluff,Arkansas+Pine+Bluff,conf.php?c=SWAC,SWAC,Ark.-Pine Bluff,AR-Pine Bluff,Arkansas-Pine Bluff,Arkansas-Pine Bluff,Arkansas Pine Bluff,Arkansas-Pine Bluff,arkansas-pine-bluff,Arkansas-Pine Bluff,SWAC,2025
Arkansas St.,team.php?team=Arkansas+St.,Arkansas+St.,conf.php?c=SB,SB,Arkansas St.,Arkansas State,Arkansas St,Arkansas State,Arkansas St.,Arkansas State,arkansas-state,Arkansas State,Sunbelt,2025
Army,team.php?team=Army,Army,conf.php?c=Pat,Pat,Army West Point,Army,Army,Army,Army,Army,army,Army,Patriot,2025
Auburn,team.php?team=Auburn,Auburn,conf.php?c=SEC,SEC,Auburn,Auburn,Auburn,Auburn,Auburn,Auburn,auburn,Auburn,SEC,2025
Austin Peay,team.php?team=Austin+Peay,Austin+Peay,conf.php?c=ASun,ASun,Austin Peay,Austin Peay,Austin Peay,Austin Peay,Austin Peay,Austin Peay,austin-peay,Austin Peay,A-Sun,2025
BYU,team.php?team=BYU,BYU,conf.php?c=WCC,WCC,BYU,BYU,BYU,BYU,BYU,Brigham Young,brigham-young,Brigham Young,WCC,2025
Ball St.,team.php?team=Ball+St.,Ball+St.,conf.php?c=MAC,MAC,Ball St.,Ball State,Ball State,Ball State,Ball St.,Ball State,ball-state,Ball State,MAC,2025
Baylor,team.php?team=Baylor,Baylor,conf.php?c=B12,B12,Baylor,Baylor,Baylor,Baylor,Baylor,Baylor,baylor,Baylor,Big 12,2025
Bellarmine,team.php?team=Bellarmine,Bellarmine,conf.php?c=ASun,ASun,Bellarmine,Bellarmine,Bellarmine,Bellarmine,Bellarmine,Bellarmine,,Bellarmine,A-Sun,2025
Belmont,team.php?team=Belmont,Belmont,conf.php?c=MVC,MVC,Belmont,Belmont,Belmont,Belmont,Belmont,Belmont,belmont,Belmont,MVC,2025
Bethune Cookman,team.php?team=Bethune+Cookman,Bethune+Cookman,conf.php?c=SWAC,SWAC,Bethune-Cookman,Bethune-Cookman,Bethune-Cookman,Bethune-Cookman,Bethune Cookman,Bethune-Cookman,bethune-cookman,Bethune-Cookman,SWAC,2025
Binghamton,team.php?team=Binghamton,Binghamton,conf.php?c=AE,AE,Binghamton,Binghamton,Binghamton,Binghamton,Binghamton,Binghamton,binghamton,Binghamton,Am. East,2025
Boise St.,team.php?team=Boise+St.,Boise+St.,conf.php?c=MWC,MWC,Boise St.,Boise State,Boise State,Boise State,Boise St.,Boise State,boise-state,Boise State,MWC,2025
Boston College,team.php?team=Boston+College,Boston+College,conf.php?c=ACC,ACC,Boston College,Boston College,Boston College,Boston College,Boston College,Boston College,boston-college,Boston College,ACC,2025
Boston University,team.php?team=Boston+University,Boston+University,conf.php?c=Pat,Pat,Boston U.,Boston U,Boston University,Boston University,Boston University,Boston University,boston-university,Boston University,Patriot,2025
Bowling Green,team.php?team=Bowling+Green,Bowling+Green,conf.php?c=MAC,MAC,Bowling Green,Bowling Green,Bowling Green,Bowling Green,Bowling Green,Bowling Green,bowling-green-state,Bowling Green State,MAC,2025
Bradley,team.php?team=Bradley,Bradley,conf.php?c=MVC,MVC,Bradley,Bradley,Bradley,Bradley,Bradley,Bradley,bradley,Bradley,MVC,2025
Brown,team.php?team=Brown,Brown,conf.php?c=Ivy,Ivy,Brown,Brown,Brown,Brown,Brown,Brown,brown,Brown,Ivy,2025
Bryant,team.php?team=Bryant,Bryant,conf.php?c=AE,AE,Bryant,Bryant,Bryant,Bryant,Bryant,Bryant University,bryant,Bryant,Am. East,2025
Bucknell,team.php?team=Bucknell,Bucknell,conf.php?c=Pat,Pat,Bucknell,Bucknell,Bucknell,Bucknell,Bucknell,Bucknell,bucknell,Bucknell,Patriot,2025
Buffalo,team.php?team=Buffalo,Buffalo,conf.php?c=MAC,MAC,Buffalo,Buffalo,Buffalo,Buffalo,Buffalo,Buffalo,buffalo,Buffalo,MAC,2025
Butler,team.php?team=Butler,Butler,conf.php?c=BE,BE,Butler,Butler,Butler,Butler,Butler,Butler,butler,Butler,Big East,2025
Cal Baptist,team.php?team=Cal+Baptist,Cal+Baptist,conf.php?c=WAC,WAC,California Baptist,Cal Baptist,Cal Baptist,Cal Baptist,Cal Baptist,California Baptist,california-baptist,California Baptist,WAC,2025
Cal Poly,team.php?team=Cal+Poly,Cal+Poly,conf.php?c=BW,BW,Cal Poly,Cal Poly,Cal Poly,Cal Poly,Cal Poly,Cal Poly,cal-poly,Cal Poly,Big West,2025
Cal St. Bakersfield,team.php?team=Cal+St.+Bakersfield,Cal+St.+Bakersfield,conf.php?c=BW,BW,CSU Bakersfield,CSU Bakersfield,CSU Bakersfield,Cal State Bakersfield,Cal St. Bakersfield,Cal State Bakersfield,cal-state-bakersfield,Cal State Bakersfield,Big West,2025
Cal St. Fullerton,team.php?team=Cal+St.+Fullerton,Cal+St.+Fullerton,conf.php?c=BW,BW,Cal St. Fullerton,CSU Fullerton,CS Fullerton,Cal State Fullerton,Cal St. Fullerton,Cal State Fullerton,cal-state-fullerton,Cal State Fullerton,Big West,2025
Cal St. Northridge,team.php?team=Cal+St.+Northridge,Cal+St.+Northridge,conf.php?c=BW,BW,CSUN,CSU Northridge,CSU Northridge,Cal State Northridge,Cal St. Northridge,Cal State Northridge,cal-state-northridge,Cal State Northridge,Big West,2025
California,team.php?team=California,California,conf.php?c=P12,P12,California,Cal,California,California,California,California,california,University of California,Pac 12,2025
Campbell,team.php?team=Campbell,Campbell,conf.php?c=BSth,BSth,Campbell,Campbell,Campbell,Campbell,Campbell,Campbell,campbell,Campbell,Big South,2025
Canisius,team.php?team=Canisius,Canisius,conf.php?c=MAAC,MAAC,Canisius,Canisius,Canisius,Canisius,Canisius,Canisius,canisius,Canisius,MAAC,2025
Central Arkansas,team.php?team=Central+Arkansas,Central+Arkansas,conf.php?c=ASun,ASun,Central Ark.,Cent Arkansas,Central Arkansas,Central Arkansas,Central Arkansas,Central Arkansas,central-arkansas,Central Arkansas,A-Sun,2025
Central Connecticut,team.php?team=Central+Connecticut,Central+Connecticut,conf.php?c=NEC,NEC,Central Conn. St.,Cent Conn St,Central Connecticut,Central Connecticut,Central Connecticut,Central Connecticut State,central-connecticut-state,Central Connecticut State,NEC,2025
Central Michigan,team.php?team=Central+Michigan,Central+Michigan,conf.php?c=MAC,MAC,Central Mich.,Cent Michigan,Central Michigan,Central Michigan,Central Michigan,Central Michigan,central-michigan,Central Michigan,MAC,2025
Charleston,team.php?team=Charleston,Charleston,conf.php?c=CAA,CAA,Col. of Charleston,Charleston,Charleston,Charleston,College of Charleston,Col. of Charleston,college-of-charleston,College of Charleston,CAA,2025
Charleston Southern,team.php?team=Charleston+Southern,Charleston+Southern,conf.php?c=BSth,BSth,Charleston So.,Charleston So,Charleston Southern,Charleston Southern,Charleston Southern,Charleston Southern,charleston-southern,Charleston Southern,Big South,2025
Charlotte,team.php?team=Charlotte,Charlotte,conf.php?c=CUSA,CUSA,Charlotte,Charlotte,Charlotte,Charlotte,Charlotte,Charlotte,charlotte,Charlotte,C-USA,2025
Chattanooga,team.php?team=Chattanooga,Chattanooga,conf.php?c=SC,SC,Chattanooga,Chattanooga,Chattanooga,Chattanooga,Chattanooga,Chattanooga,chattanooga,Chattanooga,Southern,2025
Chicago St.,team.php?team=Chicago+St.,Chicago+St.,conf.php?c=ind,ind,Chicago St.,Chicago State,Chicago State,Chicago State,Chicago St.,Chicago State,chicago-state,Chicago State,Independent,2025
Cincinnati,team.php?team=Cincinnati,Cincinnati,conf.php?c=Amer,Amer,Cincinnati,Cincinnati,Cincinnati,Cincinnati,Cincinnati,Cincinnati,cincinnati,Cincinnati,AAC,2025
Clemson,team.php?team=Clemson,Clemson,conf.php?c=ACC,ACC,Clemson,Clemson,Clemson,Clemson,Clemson,Clemson,clemson,Clemson,ACC,2025
Cleveland St.,team.php?team=Cleveland+St.,Cleveland+St.,conf.php?c=Horz,Horz,Cleveland St.,Cleveland State,Cleveland State,Cleveland State,Cleveland St.,Cleveland State,cleveland-state,Cleveland State,Horizon,2025
Coastal Carolina,team.php?team=Coastal+Carolina,Coastal+Carolina,conf.php?c=SB,SB,Coastal Carolina,C. Carolina,Coastal Carolina,Coastal Carolina,Coastal Carolina,Coastal Carolina,coastal-carolina,Coastal Carolina,Sunbelt,2025
Colgate,team.php?team=Colgate,Colgate,conf.php?c=Pat,Pat,Colgate,Colgate,Colgate,Colgate,Colgate,Colgate,colgate,Colgate,Patriot,2025
Colorado,team.php?team=Colorado,Colorado,conf.php?c=P12,P12,Colorado,Colorado,Colorado,Colorado,Colorado,Colorado,colorado,Colorado,Pac 12,2025
Colorado St.,team.php?team=Colorado+St.,Colorado+St.,conf.php?c=MWC,MWC,Colorado St.,Colorado State,Colorado State,Colorado State,Colorado St.,Colorado State,colorado-state,Colorado State,MWC,2025
Columbia,team.php?team=Columbia,Columbia,conf.php?c=Ivy,Ivy,Columbia,Columbia,Columbia,Columbia,Columbia,Columbia,columbia,Columbia,Ivy,2025
Connecticut,team.php?team=Connecticut,Connecticut,conf.php?c=BE,BE,UConn,UConn,Connecticut,Connecticut,Connecticut,Connecticut,connecticut,Connecticut,Big East,2025
Coppin St.,team.php?team=Coppin+St.,Coppin+St.,conf.php?c=MEAC,MEAC,Coppin St.,Coppin State,Coppin State,Coppin State,Coppin St.,Coppin State,coppin-state,Coppin State,MEAC,2025
Cornell,team.php?team=Cornell,Cornell,conf.php?c=Ivy,Ivy,Cornell,Cornell,Cornell,Cornell,Cornell,Cornell,cornell,Cornell,Ivy,2025
Creighton,team.php?team=Creighton,Creighton,conf.php?c=BE,BE,Creighton,Creighton,Creighton,Creighton,Creighton,Creighton,creighton,Creighton,Big East,2025
Dartmouth,team.php?team=Dartmouth,Dartmouth,conf.php?c=Ivy,Ivy,Dartmouth,Dartmouth,Dartmouth,Dartmouth,Dartmouth,Dartmouth,dartmouth,Dartmouth,Ivy,2025
Davidson,team.php?team=Davidson,Davidson,conf.php?c=A10,A10,Davidson,Davidson,Davidson,Davidson,Davidson,Davidson,davidson,Davidson,A-10,2025
Dayton,team.php?team=Dayton,Dayton,conf.php?c=A10,A10,Dayton,Dayton,Dayton,Dayton,Dayton,Dayton,dayton,Dayton,A-10,2025
DePaul,team.php?team=DePaul,DePaul,conf.php?c=BE,BE,DePaul,DePaul,DePaul,DePaul,DePaul,DePaul,depaul,DePaul,Big East,2025
Delaware,team.php?team=Delaware,Delaware,conf.php?c=CAA,CAA,Delaware,Delaware,Delaware,Delaware,Delaware,Delaware,delaware,Delaware,CAA,2025
Delaware St.,team.php?team=Delaware+St.,Delaware+St.,conf.php?c=MEAC,MEAC,Delaware St.,Delaware State,Delaware State,Delaware State,Delaware St.,Delaware State,delaware-state,Delaware State,MEAC,2025
Denver,team.php?team=Denver,Denver,conf.php?c=Sum,Sum,Denver,Denver,Denver,Denver,Denver,Denver,denver,Denver,Summit,2025
Detroit Mercy,team.php?team=Detroit+Mercy,Detroit+Mercy,conf.php?c=Horz,Horz,Detroit Mercy,Detroit Mercy,Detroit Mercy,Detroit,Detroit,Detroit,detroit-mercy,Detroit Mercy,Horizon,2025
Drake,team.php?team=Drake,Drake,conf.php?c=MVC,MVC,Drake,Drake,Drake,Drake,Drake,Drake,drake,Drake,MVC,2025
Drexel,team.php?team=Drexel,Drexel,conf.php?c=CAA,CAA,Drexel,Drexel,Drexel,Drexel,Drexel,Drexel,drexel,Drexel,CAA,2025
Duke,team.php?team=Duke,Duke,conf.php?c=ACC,ACC,Duke,Duke,Duke,Duke,Duke,Duke,duke,Duke,ACC,2025
Duquesne,team.php?team=Duquesne,Duquesne,conf.php?c=A10,A10,Duquesne,Duquesne,Duquesne,Duquesne,Duquesne,Duquesne,duquesne,Duquesne,A-10,2025
East Carolina,team.php?team=East+Carolina,East+Carolina,conf.php?c=Amer,Amer,East Carolina,ECU,East Carolina,East Carolina,East Carolina,East Carolina,east-carolina,East Carolina,AAC,2025
East Tennessee St.,team.php?team=East+Tennessee+St.,East+Tennessee+St.,conf.php?c=SC,SC,ETSU,ETSU,East Tennessee State,East Tennessee State,East Tennessee St.,East Tennessee State,east-tennessee-state,East Tennessee State,Southern,2025
Eastern Illinois,team.php?team=Eastern+Illinois,Eastern+Illinois,conf.php?c=OVC,OVC,Eastern Ill.,E Illinois,Eastern Illinois,Eastern Illinois,Eastern Illinois,Eastern Illinois,eastern-illinois,Eastern Illinois,OVC,2025
Eastern Kentucky,team.php?team=Eastern+Kentucky,Eastern+Kentucky,conf.php?c=ASun,ASun,Eastern Ky.,E Kentucky,Eastern Kentucky,Eastern Kentucky,Eastern Kentucky,Eastern Kentucky,eastern-kentucky,Eastern Kentucky,A-Sun,2025
Eastern Michigan,team.php?team=Eastern+Michigan,Eastern+Michigan,conf.php?c=MAC,MAC,Eastern Mich.,E Michigan,Eastern Michigan,Eastern Michigan,Eastern Michigan,Eastern Michigan,eastern-michigan,Eastern Michigan,MAC,2025
Eastern Washington,team.php?team=Eastern+Washington,Eastern+Washington,conf.php?c=BSky,BSky,Eastern Wash.,E Washington,Eastern Washington,Eastern Washington,Eastern Washington,Eastern Washington,eastern-washington,Eastern Washington,Big Sky,2025
Elon,team.php?team=Elon,Elon,conf.php?c=CAA,CAA,Elon,Elon,Elon,Elon,Elon,Elon,elon,Elon,CAA,2025
Evansville,team.php?team=Evansville,Evansville,conf.php?c=MVC,MVC,Evansville,Evansville,Evansville,Evansville,Evansville,Evansville,evansville,Evansville,MVC,2025
FIU,team.php?team=FIU,FIU,conf.php?c=CUSA,CUSA,FIU,FIU,Florida International,FIU,FIU,FIU,florida-international,Florida International,C-USA,2025
Fairfield,team.php?team=Fairfield,Fairfield,conf.php?c=MAAC,MAAC,Fairfield,Fairfield,Fairfield,Fairfield,Fairfield,Fairfield,fairfield,Fairfield,MAAC,2025
Fairleigh Dickinson,team.php?team=Fairleigh+Dickinson,Fairleigh+Dickinson,conf.php?c=NEC,NEC,Fairleigh Dickinson,Fair Dickinson,Fairleigh Dickinson,Fairleigh Dickinson,Fairleigh Dickinson,Fairleigh Dickinson,fairleigh-dickinson,Fairleigh Dickinson,NEC,2025
Florida,team.php?team=Florida,Florida,conf.php?c=SEC,SEC,Florida,Florida,Florida,Florida,Florida,Florida,florida,Florida,SEC,2025
Florida A&M,team.php?team=Florida+A%26M,Florida+A%26M,conf.php?c=SWAC,SWAC,Florida A&M,Florida A&M,Florida A&M,Florida A&M,Florida A&M,Florida A&M,florida-am,Florida A&M,SWAC,2025
Florida Atlantic,team.php?team=Florida+Atlantic,Florida+Atlantic,conf.php?c=CUSA,CUSA,Fla. Atlantic,FAU,Florida Atlantic,Florida Atlantic,Florida Atlantic,Florida Atlantic,florida-atlantic,Florida Atlantic,C-USA,2025
Florida Gulf Coast,team.php?team=Florida+Gulf+Coast,Florida+Gulf+Coast,conf.php?c=ASun,ASun,FGCU,FGCU,Florida Gulf Coast,Florida Gulf Coast,Florida Gulf Coast,Florida Gulf Coast,florida-gulf-coast,Florida Gulf Coast,A-Sun,2025
Florida St.,team.php?team=Florida+St.,Florida+St.,conf.php?c=ACC,ACC,Florida St.,Florida State,Florida State,Florida State,Florida St.,Florida State,florida-state,Florida State,ACC,2025
Fordham,team.php?team=Fordham,Fordham,conf.php?c=A10,A10,Fordham,Fordham,Fordham,Fordham,Fordham,Fordham,fordham,Fordham,A-10,2025
Fresno St.,team.php?team=Fresno+St.,Fresno+St.,conf.php?c=MWC,MWC,Fresno St.,Fresno State,Fresno State,Fresno State,Fresno St.,Fresno State,fresno-state,Fresno State,MWC,2025
Furman,team.php?team=Furman,Furman,conf.php?c=SC,SC,Furman,Furman,Furman,Furman,Furman,Furman,furman,Furman,Southern,2025
Gardner Webb,team.php?team=Gardner+Webb,Gardner+Webb,conf.php?c=BSth,BSth,Gardner-Webb,Gardner-Webb,Gardner-Webb,Gardner-Webb,Gardner Webb,Gardner-Webb,gardner-webb,Gardner-Webb,Big South,2025
George Mason,team.php?team=George+Mason,George+Mason,conf.php?c=A10,A10,George Mason,George Mason,George Mason,George Mason,George Mason,George Mason,george-mason,George Mason,A-10,2025
George Washington,team.php?team=George+Washington,George+Washington,conf.php?c=A10,A10,George Washington,G Washington,George Washington,George Washington,George Washington,George Washington,george-washington,George Washington,A-10,2025
Georgetown,team.php?team=Georgetown,Georgetown,conf.php?c=BE,BE,Georgetown,Georgetown,Georgetown,Georgetown,Georgetown,Georgetown,georgetown,Georgetown,Big East,2025
Georgia,team.php?team=Georgia,Georgia,conf.php?c=SEC,SEC,Georgia,Georgia,Georgia,Georgia,Georgia,Georgia,georgia,Georgia,SEC,2025
Georgia Southern,team.php?team=Georgia+Southern,Georgia+Southern,conf.php?c=SB,SB,Ga. Southern,Ga Southern,Georgia Southern,Georgia Southern,Georgia Southern,Georgia Southern,georgia-southern,Georgia Southern,Sunbelt,2025
Georgia St.,team.php?team=Georgia+St.,Georgia+St.,conf.php?c=SB,SB,Georgia St.,Georgia State,Georgia St,Georgia State,Georgia St.,Georgia State,georgia-state,Georgia State,Sunbelt,2025
Georgia Tech,team.php?team=Georgia+Tech,Georgia+Tech,conf.php?c=ACC,ACC,Georgia Tech,Georgia Tech,Georgia Tech,Georgia Tech,Georgia Tech,Georgia Tech,georgia-tech,Georgia Tech,ACC,2025
Gonzaga,team.php?team=Gonzaga,Gonzaga,conf.php?c=WCC,WCC,Gonzaga,Gonzaga,Gonzaga,Gonzaga,Gonzaga,Gonzaga,gonzaga,Gonzaga,WCC,2025
Grambling St.,team.php?team=Grambling+St.,Grambling+St.,conf.php?c=SWAC,SWAC,Grambling,Grambling,Grambling,Grambling,Grambling St.,Grambling State,grambling,Grambling,SWAC,2025
Grand Canyon,team.php?team=Grand+Canyon,Grand+Canyon,conf.php?c=WAC,WAC,Grand Canyon,Grand Canyon,Grand Canyon,Grand Canyon,Grand Canyon,Grand Canyon,grand-canyon,Grand Canyon,WAC,2025
Green Bay,team.php?team=Green+Bay,Green+Bay,conf.php?c=Horz,Horz,Green Bay,Green Bay,Green Bay,Green Bay,Green Bay,Wisconsin-Green Bay,green-bay,Green Bay,Horizon,2025
Hampton,team.php?team=Hampton,Hampton,conf.php?c=CAA,CAA,Hampton,Hampton,Hampton,Hampton,Hampton,Hampton,hampton,Hampton,CAA,2025
Hartford,team.php?team=Hartford,Hartford,conf.php?c=ind,ind,Hartford,Hartford,Hartford,Hartford,Hartford,Hartford,hartford,Hartford,Independent,2025
Harvard,team.php?team=Harvard,Harvard,conf.php?c=Ivy,Ivy,Harvard,Harvard,Harvard,Harvard,Harvard,Harvard,harvard,Harvard,Ivy,2025
Hawaii,team.php?team=Hawaii,Hawaii,conf.php?c=BW,BW,Hawaii,Hawai'i,Hawai'i,Hawaii,Hawaii,Hawaii,hawaii,Hawaii,Big West,2025
High Point,team.php?team=High+Point,High+Point,conf.php?c=BSth,BSth,High Point,High Point,High Point,High Point,High Point,High Point,high-point,High Point,Big South,2025
Hofstra,team.php?team=Hofstra,Hofstra,conf.php?c=CAA,CAA,Hofstra,Hofstra,Hofstra,Hofstra,Hofstra,Hofstra,hofstra,Hofstra,CAA,2025
Holy Cross,team.php?team=Holy+Cross,Holy+Cross,conf.php?c=Pat,Pat,Holy Cross,Holy Cross,Holy Cross,Holy Cross,Holy Cross,Holy Cross,holy-cross,Holy Cross,Patriot,2025
Houston,team.php?team=Houston,Houston,conf.php?c=Amer,Amer,Houston,Houston,Houston,Houston,Houston,Houston,houston,Houston,AAC,2025
Houston Christian,team.php?team=Houston+Christian,Houston+Christian,conf.php?c=Slnd,Slnd,Houston Christian,Houston Baptist,Houston Baptist,Houston Baptist,Houston Baptist,Houston Baptist,houston-baptist,Houston Baptist,Southland,2025
Howard,team.php?team=Howard,Howard,conf.php?c=MEAC,MEAC,Howard,Howard,Howard,Howard,Howard,Howard,howard,Howard,MEAC,2025
IUPUI,team.php?team=IUPUI,IUPUI,conf.php?c=Horz,Horz,IUPUI,IUPUI,IUPUI,IUPUI,IUPUI,IUPUI,iupui,IUPUI,Horizon,2025
Idaho,team.php?team=Idaho,Idaho,conf.php?c=BSky,BSky,Idaho,Idaho,Idaho,Idaho,Idaho,Idaho,idaho,Idaho,Big Sky,2025
Idaho St.,team.php?team=Idaho+St.,Idaho+St.,conf.php?c=BSky,BSky,Idaho St.,Idaho State,Idaho State,Idaho State,Idaho St.,Idaho State,idaho-state,Idaho State,Big Sky,2025
Illinois,team.php?team=Illinois,Illinois,conf.php?c=B10,B10,Illinois,Illinois,Illinois,Illinois,Illinois,Illinois,illinois,Illinois,Big 10,2025
Illinois Chicago,team.php?team=Illinois+Chicago,Illinois+Chicago,conf.php?c=MVC,MVC,UIC,UIC,UIC,Illinois-Chicago,Illinois Chicago,Illinois Chicago,illinois-chicago,Illinois-Chicago,MVC,2025
Illinois St.,team.php?team=Illinois+St.,Illinois+St.,conf.php?c=MVC,MVC,Illinois St.,Illinois State,Illinois State,Illinois State,Illinois St.,Illinois State,illinois-state,Illinois State,MVC,2025
Incarnate Word,team.php?team=Incarnate+Word,Incarnate+Word,conf.php?c=Slnd,Slnd,UIW,Incarnate Word,Incarnate Word,Incarnate Word,Incarnate Word,Incarnate Word,incarnate-word,Incarnate Word,Southland,2025
Indiana,team.php?team=Indiana,Indiana,conf.php?c=B10,B10,Indiana,Indiana,Indiana,Indiana,Indiana,Indiana,indiana,Indiana,Big 10,2025
Indiana St.,team.php?team=Indiana+St.,Indiana+St.,conf.php?c=MVC,MVC,Indiana St.,Indiana State,Indiana State,Indiana State,Indiana St.,Indiana State,indiana-state,Indiana State,MVC,2025
Iona,team.php?team=Iona,Iona,conf.php?c=MAAC,MAAC,Iona,Iona,Iona,Iona,Iona,Iona,iona,Iona,MAAC,2025
Iowa,team.php?team=Iowa,Iowa,conf.php?c=B10,B10,Iowa,Iowa,Iowa,Iowa,Iowa,Iowa,iowa,Iowa,Big 10,2025
Iowa St.,team.php?team=Iowa+St.,Iowa+St.,conf.php?c=B12,B12,Iowa St.,Iowa State,Iowa State,Iowa State,Iowa St.,Iowa State,iowa-state,Iowa State,Big 12,2025
Jackson St.,team.php?team=Jackson+St.,Jackson+St.,conf.php?c=SWAC,SWAC,Jackson St.,Jackson State,Jackson State,Jackson State,Jackson St.,Jackson State,jackson-state,Jackson State,SWAC,2025
Jacksonville,team.php?team=Jacksonville,Jacksonville,conf.php?c=ASun,ASun,Jacksonville,Jacksonville,Jacksonville,Jacksonville,Jacksonville,Jacksonville,jacksonville,Jacksonville,A-Sun,2025
Jacksonville St.,team.php?team=Jacksonville+St.,Jacksonville+St.,conf.php?c=ASun,ASun,Jacksonville St.,Jacksonville St,Jacksonville State,Jacksonville State,Jacksonville St.,Jacksonville State,jacksonville-state,Jacksonville State,A-Sun,2025
James Madison,team.php?team=James+Madison,James+Madison,conf.php?c=SB,SB,James Madison,JMU,James Madison,James Madison,James Madison,James Madison,james-madison,James Madison,Sunbelt,2025
Kansas,team.php?team=Kansas,Kansas,conf.php?c=B12,B12,Kansas,Kansas,Kansas,Kansas,Kansas,Kansas,kansas,Kansas,Big 12,2025
Kansas St.,team.php?team=Kansas+St.,Kansas+St.,conf.php?c=B12,B12,Kansas St.,Kansas State,Kansas State,Kansas State,Kansas St.,Kansas State,kansas-state,Kansas State,Big 12,2025
Kennesaw St.,team.php?team=Kennesaw+St.,Kennesaw+St.,conf.php?c=ASun,ASun,Kennesaw St.,Kennesaw State,Kennesaw State,Kennesaw State,Kennesaw St.,Kennesaw State,kennesaw-state,Kennesaw State,A-Sun,2025
Kent St.,team.php?team=Kent+St.,Kent+St.,conf.php?c=MAC,MAC,Kent St.,Kent State,Kent State,Kent State,Kent St.,Kent State,kent-state,Kent State,MAC,2025
Kentucky,team.php?team=Kentucky,Kentucky,conf.php?c=SEC,SEC,Kentucky,Kentucky,Kentucky,Kentucky,Kentucky,Kentucky,kentucky,Kentucky,SEC,2025
LIU,team.php?team=LIU,LIU,conf.php?c=NEC,NEC,LIU,LIU,Long Island University,Long Island,LIU Brooklyn,Long Island,long-island-university,Long Island University,NEC,2025
LSU,team.php?team=LSU,LSU,conf.php?c=SEC,SEC,LSU,LSU,LSU,LSU,LSU,LSU,louisiana-state,Louisiana State,SEC,2025
La Salle,team.php?team=La+Salle,La+Salle,conf.php?c=A10,A10,La Salle,La Salle,La Salle,La Salle,La Salle,La Salle,la-salle,La Salle,A-10,2025
Lafayette,team.php?team=Lafayette,Lafayette,conf.php?c=Pat,Pat,Lafayette,Lafayette,Lafayette,Lafayette,Lafayette,Lafayette,lafayette,Lafayette,Patriot,2025
Lamar,team.php?team=Lamar,Lamar,conf.php?c=Slnd,Slnd,Lamar University,Lamar,Lamar,Lamar,Lamar,Lamar,lamar,Lamar,Southland,2025
Lehigh,team.php?team=Lehigh,Lehigh,conf.php?c=Pat,Pat,Lehigh,Lehigh,Lehigh,Lehigh,Lehigh,Lehigh,lehigh,Lehigh,Patriot,2025
Liberty,team.php?team=Liberty,Liberty,conf.php?c=ASun,ASun,Liberty,Liberty,Liberty,Liberty,Liberty,Liberty,liberty,Liberty,A-Sun,2025
Lindenwood,team.php?team=Lindenwood,Lindenwood,conf.php?c=OVC,OVC,Lindenwood,Lindenwood,Lindenwood,,Lindenwood,,,,OVC,2025
Lipscomb,team.php?team=Lipscomb,Lipscomb,conf.php?c=ASun,ASun,Lipscomb,Lipscomb,Lipscomb,Lipscomb,Lipscomb,Lipscomb,lipscomb,Lipscomb,A-Sun,2025
Little Rock,team.php?team=Little+Rock,Little+Rock,conf.php?c=OVC,OVC,Little Rock,Little Rock,Arkansas-Little Rock,Arkansas-Little Rock,Little Rock,Arkansas-Little Rock,arkansas-little-rock,Little Rock,OVC,2025
Long Beach St.,team.php?team=Long+Beach+St.,Long+Beach+St.,conf.php?c=BW,BW,Long Beach St.,Long Beach State,Long Beach State,Long Beach State,Long Beach St.,Long Beach State,long-beach-state,Cal State Long Beach,Big West,2025
Longwood,team.php?team=Longwood,Longwood,conf.php?c=BSth,BSth,Longwood,Longwood,Longwood,Longwood,Longwood,Longwood,longwood,Longwood,Big South,2025
Louisiana,team.php?team=Louisiana,Louisiana,conf.php?c=SB,SB,Louisiana,Louisiana,Louisiana,Louisiana-Lafayette,Louisiana Lafayette,Louisiana,louisiana-lafayette,Louisiana,Sunbelt,2025
Louisiana Monroe,team.php?team=Louisiana+Monroe,Louisiana+Monroe,conf.php?c=SB,SB,ULM,UL Monroe,Ul Monroe,ULM,Louisiana Monroe,Louisiana-Monroe,louisiana-monroe,Louisiana-Monroe,Sunbelt,2025
Louisiana Tech,team.php?team=Louisiana+Tech,Louisiana+Tech,conf.php?c=CUSA,CUSA,Louisiana Tech,LA Tech,Louisiana Tech,Louisiana Tech,Louisiana Tech,Louisiana Tech,louisiana-tech,Louisiana Tech,C-USA,2025
Louisville,team.php?team=Louisville,Louisville,conf.php?c=ACC,ACC,Louisville,Louisville,Louisville,Louisville,Louisville,Louisville,louisville,Louisville,ACC,2025
Loyola Chicago,team.php?team=Loyola+Chicago,Loyola+Chicago,conf.php?c=A10,A10,Loyola Chicago,Loyola-Chicago,Loyola Chicago,Loyola-Chicago,Loyola Chicago,Loyola Chicago,loyola-il,Loyola (IL),A-10,2025
Loyola MD,team.php?team=Loyola+MD,Loyola+MD,conf.php?c=Pat,Pat,Loyola Maryland,Loyola (MD),Loyola (MD),Loyola-Maryland,Loyola MD,Loyola (MD),loyola-md,Loyola (MD),Patriot,2025
Loyola Marymount,team.php?team=Loyola+Marymount,Loyola+Marymount,conf.php?c=WCC,WCC,LMU (CA),Loyola Mary,Loyola Marymount,Loyola-Marymount,Loyola Marymount,Loyola Marymount,loyola-marymount,Loyola Marymount,WCC,2025
Maine,team.php?team=Maine,Maine,conf.php?c=AE,AE,Maine,Maine,Maine,Maine,Maine,Maine,maine,Maine,Am. East,2025
Manhattan,team.php?team=Manhattan,Manhattan,conf.php?c=MAAC,MAAC,Manhattan,Manhattan,Manhattan,Manhattan,Manhattan,Manhattan,manhattan,Manhattan,MAAC,2025
Marist,team.php?team=Marist,Marist,conf.php?c=MAAC,MAAC,Marist,Marist,Marist,Marist,Marist,Marist,marist,Marist,MAAC,2025
Marquette,team.php?team=Marquette,Marquette,conf.php?c=BE,BE,Marquette,Marquette,Marquette,Marquette,Marquette,Marquette,marquette,Marquette,Big East,2025
Marshall,team.php?team=Marshall,Marshall,conf.php?c=SB,SB,Marshall,Marshall,Marshall,Marshall,Marshall,Marshall,marshall,Marshall,Sunbelt,2025
Maryland,team.php?team=Maryland,Maryland,conf.php?c=B10,B10,Maryland,Maryland,Maryland,Maryland,Maryland,Maryland,maryland,Maryland,Big 10,2025
Maryland Eastern Shore,team.php?team=Maryland+Eastern+Shore,Maryland+Eastern+Shore,conf.php?c=MEAC,MEAC,UMES,MD-E Shore,Maryland-Eastern Shore,Maryland Eastern Shore,Maryland Eastern Shore,Maryland Eastern Shore,maryland-eastern-shore,Maryland-Eastern Shore,MEAC,2025
Massachusetts,team.php?team=Massachusetts,Massachusetts,conf.php?c=A10,A10,Massachusetts,UMass,Massachusetts,Massachusetts,Massachusetts,Massachusetts,massachusetts,Massachusetts,A-10,2025
McNeese St.,team.php?team=McNeese+St.,McNeese+St.,conf.php?c=Slnd,Slnd,McNeese,Mcneese,Mcneese St,McNeese State,McNeese St.,McNeese State,mcneese-state,McNeese State,Southland,2025
Memphis,team.php?team=Memphis,Memphis,conf.php?c=Amer,Amer,Memphis,Memphis,Memphis,Memphis,Memphis,Memphis,memphis,Memphis,AAC,2025
Mercer,team.php?team=Mercer,Mercer,conf.php?c=SC,SC,Mercer,Mercer,Mercer,Mercer,Mercer,Mercer,mercer,Mercer,Southern,2025
Merrimack,team.php?team=Merrimack,Merrimack,conf.php?c=NEC,NEC,Merrimack,Merrimack,Merrimack,Merrimack,Merrimack,Merrimack,merrimack,Merrimack,NEC,2025
Miami FL,team.php?team=Miami+FL,Miami+FL,conf.php?c=ACC,ACC,Miami (FL),Miami,Miami,Miami (FL),Miami FL,Miami,miami-fl,Miami (FL),ACC,2025
Miami OH,team.php?team=Miami+OH,Miami+OH,conf.php?c=MAC,MAC,Miami (OH),Miami (OH),Miami (OH),Miami (OH),Miami OH,Miami (OH),miami-oh,Miami (OH),MAC,2025
Michigan,team.php?team=Michigan,Michigan,conf.php?c=B10,B10,Michigan,Michigan,Michigan,Michigan,Michigan,Michigan,michigan,Michigan,Big 10,2025
Michigan St.,team.php?team=Michigan+St.,Michigan+St.,conf.php?c=B10,B10,Michigan St.,Michigan State,Michigan State,Michigan State,Michigan St.,Michigan State,michigan-state,Michigan State,Big 10,2025
Middle Tennessee,team.php?team=Middle+Tennessee,Middle+Tennessee,conf.php?c=CUSA,CUSA,Middle Tenn.,Mid Tennessee,Middle Tennessee,Middle Tennessee,Middle Tennessee,Middle Tennessee State,middle-tennessee,Middle Tennessee,C-USA,2025
Milwaukee,team.php?team=Milwaukee,Milwaukee,conf.php?c=Horz,Horz,Milwaukee,Milwaukee,Milwaukee,Milwaukee,Milwaukee,Wisconsin-Milwaukee,milwaukee,Milwaukee,Horizon,2025
Minnesota,team.php?team=Minnesota,Minnesota,conf.php?c=B10,B10,Minnesota,Minnesota,Minnesota,Minnesota,Minnesota,Minnesota,minnesota,Minnesota,Big 10,2025
Mississippi,team.php?team=Mississippi,Mississippi,conf.php?c=SEC,SEC,Ole Miss,Ole Miss,Ole Miss,Ole Miss,Mississippi,Ole Miss,mississippi,Mississippi,SEC,2025
Mississippi St.,team.php?team=Mississippi+St.,Mississippi+St.,conf.php?c=SEC,SEC,Mississippi St.,Miss St,Mississippi State,Mississippi State,Mississippi St.,Mississippi State,mississippi-state,Mississippi State,SEC,2025
Mississippi Valley St.,team.php?team=Mississippi+Valley+St.,Mississippi+Valley+St.,conf.php?c=SWAC,SWAC,Mississippi Val.,Miss Valley St,Mississippi Valley State,Mississippi Valley State,Mississippi Valley St.,Mississippi Valley State,mississippi-valley-state,Mississippi Valley State,SWAC,2025
Missouri,team.php?team=Missouri,Missouri,conf.php?c=SEC,SEC,Missouri,Missouri,Missouri,Missouri,Missouri,Missouri,missouri,Missouri,SEC,2025
Missouri St.,team.php?team=Missouri+St.,Missouri+St.,conf.php?c=MVC,MVC,Missouri St.,Missouri State,Missouri State,Missouri State,Missouri St.,Missouri State,missouri-state,Missouri State,MVC,2025
Monmouth,team.php?team=Monmouth,Monmouth,conf.php?c=CAA,CAA,Monmouth,Monmouth,Monmouth,Monmouth,Monmouth,Monmouth,monmouth,Monmouth,CAA,2025
Montana,team.php?team=Montana,Montana,conf.php?c=BSky,BSky,Montana,Montana,Montana,Montana,Montana,Montana,montana,Montana,Big Sky,2025
Montana St.,team.php?team=Montana+St.,Montana+St.,conf.php?c=BSky,BSky,Montana St.,Montana State,Montana State,Montana State,Montana St.,Montana State,montana-state,Montana State,Big Sky,2025
Morehead St.,team.php?team=Morehead+St.,Morehead+St.,conf.php?c=OVC,OVC,Morehead St.,Morehead State,Morehead State,Morehead State,Morehead St.,Morehead State,morehead-state,Morehead State,OVC,2025
Morgan St.,team.php?team=Morgan+St.,Morgan+St.,conf.php?c=MEAC,MEAC,Morgan St.,Morgan State,Morgan State,Morgan State,Morgan St.,Morgan State,morgan-state,Morgan State,MEAC,2025
Mount St. Mary's,team.php?team=Mount+St.+Mary%27s,Mount+St.+Mary%27s,conf.php?c=MAAC,MAAC,Mount St. Mary's,Mt St Mary's,Mt. St. Mary'S,Mount Saint Mary's,Mount St. Mary's,Mount St. Mary's,mount-st-marys,Mount St. Mary's,MAAC,2025
Murray St.,team.php?team=Murray+St.,Murray+St.,conf.php?c=MVC,MVC,Murray St.,Murray State,Murray State,Murray State,Murray St.,Murray State,murray-state,Murray State,MVC,2025
N.C. State,team.php?team=N.C.+State,N.C.+State,conf.php?c=ACC,ACC,NC State,NC State,NC State,North Carolina State,North Carolina St.,N.C. State,north-carolina-state,North Carolina State,ACC,2025
NJIT,team.php?team=NJIT,NJIT,conf.php?c=AE,AE,NJIT,NJIT,NJIT,New Jersey Tech,NJIT,NJIT,njit,NJIT,Am. East,2025
Navy,team.php?team=Navy,Navy,conf.php?c=Pat,Pat,Navy,Navy,Navy,Navy,Navy,Navy,navy,Navy,Patriot,2025
Nebraska,team.php?team=Nebraska,Nebraska,conf.php?c=B10,B10,Nebraska,Nebraska,Nebraska,Nebraska,Nebraska,Nebraska,nebraska,Nebraska,Big 10,2025
Nebraska Omaha,team.php?team=Nebraska+Omaha,Nebraska+Omaha,conf.php?c=Sum,Sum,Omaha,Omaha,Omaha,Nebraska-Omaha,Nebraska Omaha,Nebraska Omaha,nebraska-omaha,Omaha,Summit,2025
Nevada,team.php?team=Nevada,Nevada,conf.php?c=MWC,MWC,Nevada,Nevada,Nevada,Nevada,Nevada,Nevada,nevada,Nevada,MWC,2025
New Hampshire,team.php?team=New+Hampshire,New+Hampshire,conf.php?c=AE,AE,New Hampshire,UNH,New Hampshire,New Hampshire,New Hampshire,New Hampshire,new-hampshire,New Hampshire,Am. East,2025
New Mexico,team.php?team=New+Mexico,New+Mexico,conf.php?c=MWC,MWC,New Mexico,New Mexico,New Mexico,New Mexico,New Mexico,New Mexico,new-mexico,New Mexico,MWC,2025
New Mexico St.,team.php?team=New+Mexico+St.,New+Mexico+St.,conf.php?c=WAC,WAC,New Mexico St.,New Mexico St,New Mexico State,New Mexico State,New Mexico St.,New Mexico State,new-mexico-state,New Mexico State,WAC,2025
New Orleans,team.php?team=New+Orleans,New+Orleans,conf.php?c=Slnd,Slnd,New Orleans,New Orleans,New Orleans,New Orleans,New Orleans,New Orleans,new-orleans,New Orleans,Southland,2025
Niagara,team.php?team=Niagara,Niagara,conf.php?c=MAAC,MAAC,Niagara,Niagara,Niagara,Niagara,Niagara,Niagara,niagara,Niagara,MAAC,2025
Nicholls St.,team.php?team=Nicholls+St.,Nicholls+St.,conf.php?c=Slnd,Slnd,Nicholls,Nicholls,Nicholls,Nicholls State,Nicholls St.,Nicholls State,nicholls-state,Nicholls State,Southland,2025
Norfolk St.,team.php?team=Norfolk+St.,Norfolk+St.,conf.php?c=MEAC,MEAC,Norfolk St.,Norfolk State,Norfolk State,Norfolk State,Norfolk St.,Norfolk State,norfolk-state,Norfolk State,MEAC,2025
North Alabama,team.php?team=North+Alabama,North+Alabama,conf.php?c=ASun,ASun,North Ala.,North Alabama,North Alabama,North Alabama,North Alabama,North Ala.,north-alabama,North Alabama,A-Sun,2025
North Carolina,team.php?team=North+Carolina,North+Carolina,conf.php?c=ACC,ACC,North Carolina,UNC,North Carolina,North Carolina,North Carolina,North Carolina,north-carolina,North Carolina,ACC,2025
North Carolina A&T,team.php?team=North+Carolina+A%26T,North+Carolina+A%26T,conf.php?c=CAA,CAA,N.C. A&T,NC A&T,North Carolina A&T,North Carolina A&T,North Carolina A&T,North Carolina A&T,north-carolina-at,North Carolina A&T,Big South,2025
North Carolina Central,team.php?team=North+Carolina+Central,North+Carolina+Central,conf.php?c=MEAC,MEAC,N.C. Central,NC Central,North Carolina Central,North Carolina Central,North Carolina Central,North Carolina Central,north-carolina-central,North Carolina Central,MEAC,2025
North Dakota,team.php?team=North+Dakota,North+Dakota,conf.php?c=Sum,Sum,North Dakota,North Dakota,North Dakota,North Dakota,North Dakota,North Dakota,north-dakota,North Dakota,Summit,2025
North Dakota St.,team.php?team=North+Dakota+St.,North+Dakota+St.,conf.php?c=Sum,Sum,North Dakota St.,North Dakota St,North Dakota State,North Dakota State,North Dakota St.,North Dakota State,north-dakota-state,North Dakota State,Summit,2025
North Florida,team.php?team=North+Florida,North+Florida,conf.php?c=ASun,ASun,North Florida,North Florida,North Florida,North Florida,North Florida,North Florida,north-florida,North Florida,A-Sun,2025
North Texas,team.php?team=North+Texas,North+Texas,conf.php?c=CUSA,CUSA,North Texas,North Texas,North Texas,North Texas,North Texas,North Texas,north-texas,North Texas,C-USA,2025
Northeastern,team.php?team=Northeastern,Northeastern,conf.php?c=CAA,CAA,Northeastern,Northeastern,Northeastern,Northeastern,Northeastern,Northeastern,northeastern,Northeastern,CAA,2025
Northern Arizona,team.php?team=Northern+Arizona,Northern+Arizona,conf.php?c=BSky,BSky,Northern Ariz.,N Arizona,Northern Arizona,Northern Arizona,Northern Arizona,Northern Arizona,northern-arizona,Northern Arizona,Big Sky,2025
Northern Colorado,team.php?team=Northern+Colorado,Northern+Colorado,conf.php?c=BSky,BSky,Northern Colo.,N Colorado,Northern Colorado,Northern Colorado,Northern Colorado,Northern Colorado,northern-colorado,Northern Colorado,Big Sky,2025
Northern Illinois,team.php?team=Northern+Illinois,Northern+Illinois,conf.php?c=MAC,MAC,NIU,N Illinois,Northern Illinois,Northern Illinois,Northern Illinois,Northern Illinois,northern-illinois,Northern Illinois,MAC,2025
Northern Iowa,team.php?team=Northern+Iowa,Northern+Iowa,conf.php?c=MVC,MVC,UNI,Northern Iowa,Northern Iowa,Northern Iowa,Northern Iowa,Northern Iowa,northern-iowa,Northern Iowa,MVC,2025
Northern Kentucky,team.php?team=Northern+Kentucky,Northern+Kentucky,conf.php?c=Horz,Horz,Northern Ky.,N Kentucky,Northern Kentucky,Northern Kentucky,Northern Kentucky,Northern Kentucky,northern-kentucky,Northern Kentucky,Horizon,2025
Northwestern,team.php?team=Northwestern,Northwestern,conf.php?c=B10,B10,Northwestern,Northwestern,Northwestern,Northwestern,Northwestern,Northwestern,northwestern,Northwestern,Big 10,2025
Northwestern St.,team.php?team=Northwestern+St.,Northwestern+St.,conf.php?c=Slnd,Slnd,Northwestern St.,Northwestern St,Northwestern State,Northwestern State,Northwestern St.,Northwestern State,northwestern-state,Northwestern State,Southland,2025
Notre Dame,team.php?team=Notre+Dame,Notre+Dame,conf.php?c=ACC,ACC,Notre Dame,Notre Dame,Notre Dame,Notre Dame,Notre Dame,Notre Dame,notre-dame,Notre Dame,ACC,2025
Oakland,team.php?team=Oakland,Oakland,conf.php?c=Horz,Horz,Oakland,Oakland,Oakland,Oakland,Oakland,Oakland,oakland,Oakland,Horizon,2025
Ohio,team.php?team=Ohio,Ohio,conf.php?c=MAC,MAC,Ohio,Ohio,Ohio,Ohio,Ohio,Ohio,ohio,Ohio,MAC,2025
Ohio St.,team.php?team=Ohio+St.,Ohio+St.,conf.php?c=B10,B10,Ohio St.,Ohio State,Ohio State,Ohio State,Ohio St.,Ohio State,ohio-state,Ohio State,Big 10,2025
Oklahoma,team.php?team=Oklahoma,Oklahoma,conf.php?c=B12,B12,Oklahoma,Oklahoma,Oklahoma,Oklahoma,Oklahoma,Oklahoma,oklahoma,Oklahoma,Big 12,2025
Oklahoma St.,team.php?team=Oklahoma+St.,Oklahoma+St.,conf.php?c=B12,B12,Oklahoma St.,Oklahoma State,Oklahoma State,Oklahoma State,Oklahoma St.,Oklahoma State,oklahoma-state,Oklahoma State,Big 12,2025
Old Dominion,team.php?team=Old+Dominion,Old+Dominion,conf.php?c=SB,SB,Old Dominion,Old Dominion,Old Dominion,Old Dominion,Old Dominion,Old Dominion,old-dominion,Old Dominion,Sunbelt,2025
Oral Roberts,team.php?team=Oral+Roberts,Oral+Roberts,conf.php?c=Sum,Sum,Oral Roberts,Oral Roberts,Oral Roberts,Oral Roberts,Oral Roberts,Oral Roberts,oral-roberts,Oral Roberts,Summit,2025
Oregon,team.php?team=Oregon,Oregon,conf.php?c=P12,P12,Oregon,Oregon,Oregon,Oregon,Oregon,Oregon,oregon,Oregon,Pac 12,2025
Oregon St.,team.php?team=Oregon+St.,Oregon+St.,conf.php?c=P12,P12,Oregon St.,Oregon State,Oregon State,Oregon State,Oregon St.,Oregon State,oregon-state,Oregon State,Pac 12,2025
Pacific,team.php?team=Pacific,Pacific,conf.php?c=WCC,WCC,Pacific,Pacific,Pacific,Pacific,Pacific,Pacific,pacific,Pacific,WCC,2025
Penn,team.php?team=Penn,Penn,conf.php?c=Ivy,Ivy,Penn,Penn,Pennsylvania,Pennsylvania,Penn,Pennsylvania,pennsylvania,Pennsylvania,Ivy,2025
Penn St.,team.php?team=Penn+St.,Penn+St.,conf.php?c=B10,B10,Penn St.,Penn State,Penn State,Penn State,Penn St.,Penn State,penn-state,Penn State,Big 10,2025
Pepperdine,team.php?team=Pepperdine,Pepperdine,conf.php?c=WCC,WCC,Pepperdine,Pepperdine,Pepperdine,Pepperdine,Pepperdine,Pepperdine,pepperdine,Pepperdine,WCC,2025
Pittsburgh,team.php?team=Pittsburgh,Pittsburgh,conf.php?c=ACC,ACC,Pittsburgh,Pitt,Pittsburgh,Pittsburgh,Pittsburgh,Pittsburgh,pittsburgh,Pittsburgh,ACC,2025
Portland,team.php?team=Portland,Portland,conf.php?c=WCC,WCC,Portland,Portland,Portland,Portland,Portland,Portland,portland,Portland,WCC,2025
Portland St.,team.php?team=Portland+St.,Portland+St.,conf.php?c=BSky,BSky,Portland St.,Portland State,Portland State,Portland State,Portland St.,Portland State,portland-state,Portland State,Big Sky,2025
Prairie View A&M,team.php?team=Prairie+View+A%26M,Prairie+View+A%26M,conf.php?c=SWAC,SWAC,Prairie View,PV A&M,Prairie View A&M,Prairie View A&M,Prairie View A&M,Prairie View A&M,prairie-view,Prairie View,SWAC,2025
Presbyterian,team.php?team=Presbyterian,Presbyterian,conf.php?c=BSth,BSth,Presbyterian,Presbyterian,Presbyterian College,Presbyterian College,Presbyterian,Presbyterian,presbyterian,Presbyterian,Big South,2025
Princeton,team.php?team=Princeton,Princeton,conf.php?c=Ivy,Ivy,Princeton,Princeton,Princeton,Princeton,Princeton,Princeton,princeton,Princeton,Ivy,2025
Providence,team.php?team=Providence,Providence,conf.php?c=BE,BE,Providence,Providence,Providence,Providence,Providence,Providence,providence,Providence,Big East,2025
Purdue,team.php?team=Purdue,Purdue,conf.php?c=B10,B10,Purdue,Purdue,Purdue,Purdue,Purdue,Purdue,purdue,Purdue,Big 10,2025
Purdue Fort Wayne,team.php?team=Purdue+Fort+Wayne,Purdue+Fort+Wayne,conf.php?c=Horz,Horz,Purdue Fort Wayne,Fort Wayne,Purdue Fort Wayne,IPFW,Fort Wayne,IPFW,ipfw,Purdue-Fort Wayne,Horizon,2025
Queens,team.php?team=Queens,Queens,conf.php?c=ASun,ASun,Queens (NC),Queens University,Queens University,,Queens,,,,A-Sun,2025
Quinnipiac,team.php?team=Quinnipiac,Quinnipiac,conf.php?c=MAAC,MAAC,Quinnipiac,Quinnipiac,Quinnipiac,Quinnipiac,Quinnipiac,Quinnipiac,quinnipiac,Quinnipiac,MAAC,2025
Radford,team.php?team=Radford,Radford,conf.php?c=BSth,BSth,Radford,Radford,Radford,Radford,Radford,Radford,radford,Radford,Big South,2025
Rhode Island,team.php?team=Rhode+Island,Rhode+Island,conf.php?c=A10,A10,Rhode Island,URI,Rhode Island,Rhode Island,Rhode Island,Rhode Island,rhode-island,Rhode Island,A-10,2025
Rice,team.php?team=Rice,Rice,conf.php?c=CUSA,CUSA,Rice,Rice,Rice,Rice,Rice,Rice,rice,Rice,C-USA,2025
Richmond,team.php?team=Richmond,Richmond,conf.php?c=A10,A10,Richmond,Richmond,Richmond,Richmond,Richmond,Richmond,richmond,Richmond,A-10,2025
Rider,team.php?team=Rider,Rider,conf.php?c=MAAC,MAAC,Rider,Rider,Rider,Rider,Rider,Rider,rider,Rider,MAAC,2025
Robert Morris,team.php?team=Robert+Morris,Robert+Morris,conf.php?c=Horz,Horz,Robert Morris,Robert Morris,Robert Morris,Robert Morris,Robert Morris,Robert Morris,robert-morris,Robert Morris,Horizon,2025
Rutgers,team.php?team=Rutgers,Rutgers,conf.php?c=B10,B10,Rutgers,Rutgers,Rutgers,Rutgers,Rutgers,Rutgers,rutgers,Rutgers,Big 10,2025
SIU Edwardsville,team.php?team=SIU+Edwardsville,SIU+Edwardsville,conf.php?c=OVC,OVC,SIUE,SIUE,SIU Edwardsville,SIU Edwardsville,SIU Edwardsville,SIU Edwardsville,southern-illinois-edwardsville,Southern Illinois-Edwardsville,OVC,2025
SMU,team.php?team=SMU,SMU,conf.php?c=Amer,Amer,SMU,SMU,SMU,SMU,SMU,SMU,southern-methodist,Southern Methodist,AAC,2025
Sacramento St.,team.php?team=Sacramento+St.,Sacramento+St.,conf.php?c=BSky,BSky,Sacramento St.,Sacramento St,Sacramento State,Sacramento State,Sacramento St.,Sacramento State,sacramento-state,Sacramento State,Big Sky,2025
Sacred Heart,team.php?team=Sacred+Heart,Sacred+Heart,conf.php?c=NEC,NEC,Sacred Heart,Sacred Heart,Sacred Heart,Sacred Heart,Sacred Heart,Sacred Heart,sacred-heart,Sacred Heart,NEC,2025
Saint Joseph's,team.php?team=Saint+Joseph%27s,Saint+Joseph%27s,conf.php?c=A10,A10,Saint Joseph's,Saint Joe's,Saint Joseph's,Saint Joseph's,Saint Joseph's,Saint Joseph's,saint-josephs,Saint Joseph's,A-10,2025
Saint Louis,team.php?team=Saint+Louis,Saint+Louis,conf.php?c=A10,A10,Saint Louis,Saint Louis,Saint Louis,Saint Louis,Saint Louis,Saint Louis,saint-louis,Saint Louis,A-10,2025
Saint Mary's,team.php?team=Saint+Mary%27s,Saint+Mary%27s,conf.php?c=WCC,WCC,Saint Mary's (CA),Saint Mary's,Saint Mary's,Saint Mary's College,Saint Mary's,St. Mary's,saint-marys-ca,Saint Mary's (CA),WCC,2025
Saint Peter's,team.php?team=Saint+Peter%27s,Saint+Peter%27s,conf.php?c=MAAC,MAAC,Saint Peter's,St Peter's,Saint Peter's,Saint Peter's,Saint Peter's,Saint Peter's,saint-peters,Saint Peter's,MAAC,2025
Sam Houston St.,team.php?team=Sam+Houston+St.,Sam+Houston+St.,conf.php?c=WAC,WAC,Sam Houston,Sam Houston,Sam Houston State,Sam Houston State,Sam Houston St.,Sam Houston State,sam-houston-state,Sam Houston State,WAC,2025
Samford,team.php?team=Samford,Samford,conf.php?c=SC,SC,Samford,Samford,Samford,Samford,Samford,Samford,samford,Samford,Southern,2025
San Diego,team.php?team=San+Diego,San+Diego,conf.php?c=WCC,WCC,San Diego,San Diego,San Diego,San Diego,San Diego,San Diego,san-diego,San Diego,WCC,2025
San Diego St.,team.php?team=San+Diego+St.,San+Diego+St.,conf.php?c=MWC,MWC,San Diego St.,San Diego State,San Diego State,San Diego State,San Diego St.,San Diego State,san-diego-state,San Diego State,MWC,2025
San Francisco,team.php?team=San+Francisco,San+Francisco,conf.php?c=WCC,WCC,San Francisco,San Francisco,San Francisco,San Francisco,San Francisco,San Francisco,san-francisco,San Francisco,WCC,2025
San Jose St.,team.php?team=San+Jose+St.,San+Jose+St.,conf.php?c=MWC,MWC,San Jose St.,San Jose State,San José State,San Jose State,San Jose St.,San Jose State,san-jose-state,San Jose State,MWC,2025
Santa Clara,team.php?team=Santa+Clara,Santa+Clara,conf.php?c=WCC,WCC,Santa Clara,Santa Clara,Santa Clara,Santa Clara,Santa Clara,Santa Clara,santa-clara,Santa Clara,WCC,2025
Seattle,team.php?team=Seattle,Seattle,conf.php?c=WAC,WAC,Seattle U,Seattle,Seattle U,Seattle University,Seattle,Seattle,seattle,Seattle,WAC,2025
Seton Hall,team.php?team=Seton+Hall,Seton+Hall,conf.php?c=BE,BE,Seton Hall,Seton Hall,Seton Hall,Seton Hall,Seton Hall,Seton Hall,seton-hall,Seton Hall,Big East,2025
Siena,team.php?team=Siena,Siena,conf.php?c=MAAC,MAAC,Siena,Siena,Siena,Siena,Siena,Siena,siena,Siena,MAAC,2025
South Alabama,team.php?team=South+Alabama,South+Alabama,conf.php?c=SB,SB,South Alabama,South Alabama,South Alabama,South Alabama,South Alabama,South Alabama,south-alabama,South Alabama,Sunbelt,2025
South Carolina,team.php?team=South+Carolina,South+Carolina,conf.php?c=SEC,SEC,South Carolina,South Carolina,South Carolina,South Carolina,South Carolina,South Carolina,south-carolina,South Carolina,SEC,2025
South Carolina St.,team.php?team=South+Carolina+St.,South+Carolina+St.,conf.php?c=MEAC,MEAC,South Carolina St.,S Carolina St,South Carolina State,South Carolina State,South Carolina St.,South Carolina State,south-carolina-state,South Carolina State,MEAC,2025
South Dakota,team.php?team=South+Dakota,South+Dakota,conf.php?c=Sum,Sum,South Dakota,South Dakota,South Dakota,South Dakota,South Dakota,South Dakota,south-dakota,South Dakota,Summit,2025
South Dakota St.,team.php?team=South+Dakota+St.,South+Dakota+St.,conf.php?c=Sum,Sum,South Dakota St.,South Dakota St,South Dakota State,South Dakota State,South Dakota St.,South Dakota State,south-dakota-state,South Dakota State,Summit,2025
South Florida,team.php?team=South+Florida,South+Florida,conf.php?c=Amer,Amer,South Fla.,USF,South Florida,South Florida,South Florida,USF,south-florida,South Florida,AAC,2025
Southeast Missouri St.,team.php?team=Southeast+Missouri+St.,Southeast+Missouri+St.,conf.php?c=OVC,OVC,Southeast Mo. St.,SE Missouri St,Southeast Missouri State,Southeast Missouri State,Southeast Missouri St.,Southeast Missouri State,southeast-missouri-state,Southeast Missouri State,OVC,2025
Southeastern Louisiana,team.php?team=Southeastern+Louisiana,Southeastern+Louisiana,conf.php?c=Slnd,Slnd,Southeastern La.,SE Louisiana,SE Louisiana,Southeastern Louisiana,Southeastern Louisiana,Southeastern Louisiana,southeastern-louisiana,Southeastern Louisiana,Southland,2025
Southern,team.php?team=Southern,Southern,conf.php?c=SWAC,SWAC,Southern U.,Southern,Southern,Southern,Southern,Southern University,southern,Southern,SWAC,2025
Southern Illinois,team.php?team=Southern+Illinois,Southern+Illinois,conf.php?c=MVC,MVC,Southern Ill.,S Illinois,Southern Illinois,Southern Illinois,Southern Illinois,Southern Illinois,southern-illinois,Southern Illinois,MVC,2025
Southern Indiana,team.php?team=Southern+Indiana,Southern+Indiana,conf.php?c=OVC,OVC,Southern Ind.,Southern Indiana,Southern Indiana,,Southern Indiana,,,,OVC,2025
Southern Miss,team.php?team=Southern+Miss,Southern+Miss,conf.php?c=SB,SB,Southern Miss.,Southern Miss,Southern Miss,Southern Miss,Southern Miss,Southern Miss,southern-mississippi,Southern Mississippi,Sunbelt,2025
Southern Utah,team.php?team=Southern+Utah,Southern+Utah,conf.php?c=WAC,WAC,Southern Utah,Southern Utah,Southern Utah,Southern Utah,Southern Utah,Southern Utah,southern-utah,Southern Utah,WAC,2025
St. Bonaventure,team.php?team=St.+Bonaventure,St.+Bonaventure,conf.php?c=A10,A10,St. Bonaventure,St Bonaventure,St. Bonaventure,Saint Bonaventure,St. Bonaventure,St. Bonaventure,st-bonaventure,St. Bonaventure,A-10,2025
St. Francis NY,team.php?team=St.+Francis+NY,St.+Francis+NY,conf.php?c=NEC,NEC,St. Francis Brooklyn,St Francis (BKN),St. Francis (BKN),Saint Francis (NY),St. Francis NY,St. Francis (NY),st-francis-ny,St. Francis (NY),NEC,2025
St. Francis PA,team.php?team=St.+Francis+PA,St.+Francis+PA,conf.php?c=NEC,NEC,Saint Francis (PA),St Francis (PA),St. Francis (PA),Saint Francis (PA),St. Francis PA,Saint Francis (PA),saint-francis-pa,Saint Francis (PA),NEC,2025
St. John's,team.php?team=St.+John%27s,St.+John%27s,conf.php?c=BE,BE,St. John's (NY),St John's,St. John's,Saint John's,St. John's,St. John's,st-johns-ny,St. John's (NY),Big East,2025
St. Thomas,team.php?team=St.+Thomas,St.+Thomas,conf.php?c=Sum,Sum,St. Thomas (MN),St. Thomas - Minnesota,St. Thomas - Minnesota,,St. Thomas,,,,Summit,2025
Stanford,team.php?team=Stanford,Stanford,conf.php?c=P12,P12,Stanford,Stanford,Stanford,Stanford,Stanford,Stanford,stanford,Stanford,Pac 12,2025
Stephen F. Austin,team.php?team=Stephen+F.+Austin,Stephen+F.+Austin,conf.php?c=WAC,WAC,SFA,SF Austin,Stephen F. Austin,Stephen F. Austin,Stephen F. Austin,Stephen F. Austin,stephen-f-austin,Stephen F. Austin,WAC,2025
Stetson,team.php?team=Stetson,Stetson,conf.php?c=ASun,ASun,Stetson,Stetson,Stetson,Stetson,Stetson,Stetson,stetson,Stetson,A-Sun,2025
Stonehill,team.php?team=Stonehill,Stonehill,conf.php?c=NEC,NEC,Stonehill,Stonehill,Stonehill,,Stonehill,,,,NEC,2025
Stony Brook,team.php?team=Stony+Brook,Stony+Brook,conf.php?c=CAA,CAA,Stony Brook,Stony Brook,Stony Brook,Stony Brook,Stony Brook,Stony Brook,stony-brook,Stony Brook,CAA,2025
Syracuse,team.php?team=Syracuse,Syracuse,conf.php?c=ACC,ACC,Syracuse,Syracuse,Syracuse,Syracuse,Syracuse,Syracuse,syracuse,Syracuse,ACC,2025
TCU,team.php?team=TCU,TCU,conf.php?c=B12,B12,TCU,TCU,TCU,TCU,TCU,TCU,texas-christian,Texas Christian,Big 12,2025
Tarleton St.,team.php?team=Tarleton+St.,Tarleton+St.,conf.php?c=WAC,WAC,Tarleton St.,Tarleton,Tarleton,Tarleton St.,Tarleton St.,Tarleton St.,,Tarleton St.,WAC,2025
Temple,team.php?team=Temple,Temple,conf.php?c=Amer,Amer,Temple,Temple,Temple,Temple,Temple,Temple,temple,Temple,AAC,2025
Tennessee,team.php?team=Tennessee,Tennessee,conf.php?c=SEC,SEC,Tennessee,Tennessee,Tennessee,Tennessee,Tennessee,Tennessee,tennessee,Tennessee,SEC,2025
Tennessee Martin,team.php?team=Tennessee+Martin,Tennessee+Martin,conf.php?c=OVC,OVC,UT Martin,UT Martin,UT Martin,Tennessee-Martin,Tennessee Martin,Tennessee-Martin,tennessee-martin,Tennessee-Martin,OVC,2025
Tennessee St.,team.php?team=Tennessee+St.,Tennessee+St.,conf.php?c=OVC,OVC,Tennessee St.,Tennessee St,Tennessee State,Tennessee State,Tennessee St.,Tennessee State,tennessee-state,Tennessee State,OVC,2025
Tennessee Tech,team.php?team=Tennessee+Tech,Tennessee+Tech,conf.php?c=OVC,OVC,Tennessee Tech,Tenn Tech,Tennessee Tech,Tennessee Tech,Tennessee Tech,Tennessee Tech,tennessee-tech,Tennessee Tech,OVC,2025
Texas,team.php?team=Texas,Texas,conf.php?c=B12,B12,Texas,Texas,Texas,Texas,Texas,Texas,texas,Texas,Big 12,2025
Texas A&M,team.php?team=Texas+A%26M,Texas+A%26M,conf.php?c=SEC,SEC,Texas A&M,Texas A&M,Texas A&M,Texas A&M,Texas A&M,Texas A&M,texas-am,Texas A&M,SEC,2025
Texas A&M Commerce,team.php?team=Texas+A%26M+Commerce,Texas+A%26M+Commerce,conf.php?c=Slnd,Slnd,Tex. A&M-Commerce,Texas A&M-Commerce,Texas A&M-Commerce,,Texas A&M-Commerce,,,,Southland,2025
Texas A&M Corpus Chris,team.php?team=Texas+A%26M+Corpus+Chris,Texas+A%26M+Corpus+Chris,conf.php?c=Slnd,Slnd,A&M-Corpus Christi,Texas A&M-CC,Texas A&M-CC,Texas A&M-Corpus Christi,Texas A&M Corpus Chris,Texas A&M Corpus Christi,texas-am-corpus-christi,Texas A&M-Corpus Christi,Southland,2025
Texas Southern,team.php?team=Texas+Southern,Texas+Southern,conf.php?c=SWAC,SWAC,Texas Southern,Texas Southern,Texas Southern,Texas Southern,Texas Southern,Texas Southern,texas-southern,Texas Southern,SWAC,2025
Texas St.,team.php?team=Texas+St.,Texas+St.,conf.php?c=SB,SB,Texas St.,Texas State,Texas State,Texas State,Texas St.,Texas State,texas-state,Texas State,Sunbelt,2025
Texas Tech,team.php?team=Texas+Tech,Texas+Tech,conf.php?c=B12,B12,Texas Tech,Texas Tech,Texas Tech,Texas Tech,Texas Tech,Texas Tech,texas-tech,Texas Tech,Big 12,2025
The Citadel,team.php?team=The+Citadel,The+Citadel,conf.php?c=SC,SC,The Citadel,The Citadel,The Citadel,The Citadel,The Citadel,Citadel,citadel,Citadel,Southern,2025
Toledo,team.php?team=Toledo,Toledo,conf.php?c=MAC,MAC,Toledo,Toledo,Toledo,Toledo,Toledo,Toledo,toledo,Toledo,MAC,2025
Towson,team.php?team=Towson,Towson,conf.php?c=CAA,CAA,Towson,Towson,Towson,Towson,Towson,Towson,towson,Towson,CAA,2025
Troy,team.php?team=Troy,Troy,conf.php?c=SB,SB,Troy,Troy,Troy,Troy,Troy,Troy,troy,Troy,Sunbelt,2025
Tulane,team.php?team=Tulane,Tulane,conf.php?c=Amer,Amer,Tulane,Tulane,Tulane,Tulane,Tulane,Tulane,tulane,Tulane,AAC,2025
Tulsa,team.php?team=Tulsa,Tulsa,conf.php?c=Amer,Amer,Tulsa,Tulsa,Tulsa,Tulsa,Tulsa,Tulsa,tulsa,Tulsa,AAC,2025
UAB,team.php?team=UAB,UAB,conf.php?c=CUSA,CUSA,UAB,UAB,UAB,UAB,UAB,UAB,alabama-birmingham,Alabama-Birmingham,C-USA,2025
UC Davis,team.php?team=UC+Davis,UC+Davis,conf.php?c=BW,BW,UC Davis,UC Davis,UC Davis,UC Davis,UC Davis,UC Davis,california-davis,UC-Davis,Big West,2025
UC Irvine,team.php?team=UC+Irvine,UC+Irvine,conf.php?c=BW,BW,UC Irvine,UC Irvine,UC Irvine,UC Irvine,UC Irvine,UC Irvine,california-irvine,UC-Irvine,Big West,2025
UC Riverside,team.php?team=UC+Riverside,UC+Riverside,conf.php?c=BW,BW,UC Riverside,UC Riverside,UC Riverside,UC Riverside,UC Riverside,UC Riverside,california-riverside,UC-Riverside,Big West,2025
UC San Diego,team.php?team=UC+San+Diego,UC+San+Diego,conf.php?c=BW,BW,UC San Diego,UC San Diego,UC San Diego,UC San Diego,UC San Diego,UC San Diego,,UC San Diego,Big West,2025
UC Santa Barbara,team.php?team=UC+Santa+Barbara,UC+Santa+Barbara,conf.php?c=BW,BW,UC Santa Barbara,UCSB,UC Santa Barbara,UC Santa Barbara,UC Santa Barbara,UC Santa Barbara,california-santa-barbara,UC-Santa Barbara,Big West,2025
UCF,team.php?team=UCF,UCF,conf.php?c=Amer,Amer,UCF,UCF,UCF,UCF,UCF,UCF,central-florida,Central Florida,AAC,2025
UCLA,team.php?team=UCLA,UCLA,conf.php?c=P12,P12,UCLA,UCLA,UCLA,UCLA,UCLA,UCLA,ucla,UCLA,Pac 12,2025
UMBC,team.php?team=UMBC,UMBC,conf.php?c=AE,AE,UMBC,UMBC,UMBC,UMBC,UMBC,UMBC,maryland-baltimore-county,Maryland-Baltimore County,Am. East,2025
UMKC,team.php?team=UMKC,UMKC,conf.php?c=Sum,Sum,Kansas City,UMKC,UM Kansas City,UMKC,UMKC,Missouri-Kansas City,missouri-kansas-city,Missouri-Kansas City,Summit,2025
UMass Lowell,team.php?team=UMass+Lowell,UMass+Lowell,conf.php?c=AE,AE,UMass Lowell,UMass Lowell,UMass Lowell,Massachusetts-Lowell,UMass Lowell,UMass Lowell,massachusetts-lowell,Massachusetts-Lowell,Am. East,2025
UNC Asheville,team.php?team=UNC+Asheville,UNC+Asheville,conf.php?c=BSth,BSth,UNC Asheville,UNC Asheville,UNC Asheville,UNC Asheville,UNC Asheville,UNC Asheville,north-carolina-asheville,North Carolina-Asheville,Big South,2025
UNC Greensboro,team.php?team=UNC+Greensboro,UNC+Greensboro,conf.php?c=SC,SC,UNC Greensboro,UNCG,UNC Greensboro,UNC Greensboro,UNC Greensboro,UNC Greensboro,north-carolina-greensboro,North Carolina-Greensboro,Southern,2025
UNC Wilmington,team.php?team=UNC+Wilmington,UNC+Wilmington,conf.php?c=CAA,CAA,UNCW,UNC Wilmington,UNC Wilmington,UNC Wilmington,UNC Wilmington,UNC Wilmington,north-carolina-wilmington,North Carolina-Wilmington,CAA,2025
UNLV,team.php?team=UNLV,UNLV,conf.php?c=MWC,MWC,UNLV,UNLV,UNLV,UNLV,UNLV,UNLV,nevada-las-vegas,Nevada-Las Vegas,MWC,2025
USC,team.php?team=USC,USC,conf.php?c=P12,P12,Southern California,USC,USC,USC,USC,USC,southern-california,Southern California,Pac 12,2025
USC Upstate,team.php?team=USC+Upstate,USC+Upstate,conf.php?c=BSth,BSth,USC Upstate,USC Upstate,South Carolina Upstate,South Carolina Upstate,USC Upstate,South Carolina Upstate,south-carolina-upstate,South Carolina Upstate,Big South,2025
UT Arlington,team.php?team=UT+Arlington,UT+Arlington,conf.php?c=WAC,WAC,UT Arlington,UT Arlington,UT Arlington,UTA,UT Arlington,UT-Arlington,texas-arlington,Texas-Arlington,WAC,2025
UT Rio Grande Valley,team.php?team=UT+Rio+Grande+Valley,UT+Rio+Grande+Valley,conf.php?c=WAC,WAC,UTRGV,UT Rio Grande,UT Rio Grande Valley,UTRGV,UT Rio Grande Valley,UTSA,texas-pan-american,Texas-Rio Grande Valley,WAC,2025
UTEP,team.php?team=UTEP,UTEP,conf.php?c=CUSA,CUSA,UTEP,UTEP,UTEP,UTEP,UTEP,UTEP,texas-el-paso,Texas-El Paso,C-USA,2025
UTSA,team.php?team=UTSA,UTSA,conf.php?c=CUSA,CUSA,UTSA,UTSA,UT San Antonio,UTSA,UTSA,Texas-San Antonio,texas-san-antonio,Texas-San Antonio,C-USA,2025
Utah,team.php?team=Utah,Utah,conf.php?c=P12,P12,Utah,Utah,Utah,Utah,Utah,Utah,utah,Utah,Pac 12,2025
Utah St.,team.php?team=Utah+St.,Utah+St.,conf.php?c=MWC,MWC,Utah St.,Utah State,Utah State,Utah State,Utah St.,Utah State,utah-state,Utah State,MWC,2025
Utah Tech,team.php?team=Utah+Tech,Utah+Tech,conf.php?c=WAC,WAC,Utah Tech,Utah Tech,Utah Tech,Dixie St.,Dixie St.,Dixie St.,,Dixie St.,WAC,2025
Utah Valley,team.php?team=Utah+Valley,Utah+Valley,conf.php?c=WAC,WAC,Utah Valley,Utah Valley,Utah Valley,Utah Valley,Utah Valley,Utah Valley,utah-valley,Utah Valley,WAC,2025
VCU,team.php?team=VCU,VCU,conf.php?c=A10,A10,VCU,VCU,VCU,Virginia Commonwealth,VCU,VCU,virginia-commonwealth,Virginia Commonwealth,A-10,2025
VMI,team.php?team=VMI,VMI,conf.php?c=SC,SC,VMI,VMI,VMI,VMI,VMI,Virginia Military Institute,virginia-military-institute,Virginia Military Institute,Southern,2025
Valparaiso,team.php?team=Valparaiso,Valparaiso,conf.php?c=MVC,MVC,Valparaiso,Valparaiso,Valparaiso,Valparaiso,Valparaiso,Valparaiso,valparaiso,Valparaiso,MVC,2025
Vanderbilt,team.php?team=Vanderbilt,Vanderbilt,conf.php?c=SEC,SEC,Vanderbilt,Vanderbilt,Vanderbilt,Vanderbilt,Vanderbilt,Vanderbilt,vanderbilt,Vanderbilt,SEC,2025
Vermont,team.php?team=Vermont,Vermont,conf.php?c=AE,AE,Vermont,Vermont,Vermont,Vermont,Vermont,Vermont,vermont,Vermont,Am. East,2025
Villanova,team.php?team=Villanova,Villanova,conf.php?c=BE,BE,Villanova,Villanova,Villanova,Villanova,Villanova,Villanova,villanova,Villanova,Big East,2025
Virginia,team.php?team=Virginia,Virginia,conf.php?c=ACC,ACC,Virginia,UVA,Virginia,Virginia,Virginia,Virginia,virginia,Virginia,ACC,2025
Virginia Tech,team.php?team=Virginia+Tech,Virginia+Tech,conf.php?c=ACC,ACC,Virginia Tech,Virginia Tech,Virginia Tech,Virginia Tech,Virginia Tech,Virginia Tech,virginia-tech,Virginia Tech,ACC,2025
Wagner,team.php?team=Wagner,Wagner,conf.php?c=NEC,NEC,Wagner,Wagner,Wagner,Wagner,Wagner,Wagner,wagner,Wagner,NEC,2025
Wake Forest,team.php?team=Wake+Forest,Wake+Forest,conf.php?c=ACC,ACC,Wake Forest,Wake Forest,Wake Forest,Wake Forest,Wake Forest,Wake Forest,wake-forest,Wake Forest,ACC,2025
Washington,team.php?team=Washington,Washington,conf.php?c=P12,P12,Washington,Washington,Washington,Washington,Washington,Washington,washington,Washington,Pac 12,2025
Washington St.,team.php?team=Washington+St.,Washington+St.,conf.php?c=P12,P12,Washington St.,Washington St,Washington State,Washington State,Washington St.,Washington State,washington-state,Washington State,Pac 12,2025
Weber St.,team.php?team=Weber+St.,Weber+St.,conf.php?c=BSky,BSky,Weber St.,Weber State,Weber State,Weber State,Weber St.,Weber State,weber-state,Weber State,Big Sky,2025
West Virginia,team.php?team=West+Virginia,West+Virginia,conf.php?c=B12,B12,West Virginia,West Virginia,West Virginia,West Virginia,West Virginia,West Virginia,west-virginia,West Virginia,Big 12,2025
Western Carolina,team.php?team=Western+Carolina,Western+Carolina,conf.php?c=SC,SC,Western Caro.,W Carolina,Western Carolina,Western Carolina,Western Carolina,Western Carolina,western-carolina,Western Carolina,Southern,2025
Western Illinois,team.php?team=Western+Illinois,Western+Illinois,conf.php?c=Sum,Sum,Western Ill.,W Illinois,Western Illinois,Western Illinois,Western Illinois,Western Illinois,western-illinois,Western Illinois,Summit,2025
Western Kentucky,team.php?team=Western+Kentucky,Western+Kentucky,conf.php?c=CUSA,CUSA,Western Ky.,W Kentucky,Western Kentucky,Western Kentucky,Western Kentucky,Western Kentucky,western-kentucky,Western Kentucky,C-USA,2025
Western Michigan,team.php?team=Western+Michigan,Western+Michigan,conf.php?c=MAC,MAC,Western Mich.,W Michigan,Western Michigan,Western Michigan,Western Michigan,Western Michigan,western-michigan,Western Michigan,MAC,2025
Wichita St.,team.php?team=Wichita+St.,Wichita+St.,conf.php?c=Amer,Amer,Wichita St.,Wichita State,Wichita State,Wichita State,Wichita St.,Wichita State,wichita-state,Wichita State,AAC,2025
William & Mary,team.php?team=William+%26+Mary,William+%26+Mary,conf.php?c=CAA,CAA,William & Mary,William & Mary,William & Mary,William & Mary,William & Mary,William & Mary,william-mary,William & Mary,CAA,2025
Winthrop,team.php?team=Winthrop,Winthrop,conf.php?c=BSth,BSth,Winthrop,Winthrop,Winthrop,Winthrop,Winthrop,Winthrop,winthrop,Winthrop,Big South,2025
Wisconsin,team.php?team=Wisconsin,Wisconsin,conf.php?c=B10,B10,Wisconsin,Wisconsin,Wisconsin,Wisconsin,Wisconsin,Wisconsin,wisconsin,Wisconsin,Big 10,2025
Wofford,team.php?team=Wofford,Wofford,conf.php?c=SC,SC,Wofford,Wofford,Wofford,Wofford,Wofford,Wofford,wofford,Wofford,Southern,2025
Wright St.,team.php?team=Wright+St.,Wright+St.,conf.php?c=Horz,Horz,Wright St.,Wright State,Wright State,Wright State,Wright St.,Wright State,wright-state,Wright State,Horizon,2025
Wyoming,team.php?team=Wyoming,Wyoming,conf.php?c=MWC,MWC,Wyoming,Wyoming,Wyoming,Wyoming,Wyoming,Wyoming,wyoming,Wyoming,MWC,2025
Xavier,team.php?team=Xavier,Xavier,conf.php?c=BE,BE,Xavier,Xavier,Xavier,Xavier,Xavier,Xavier,xavier,Xavier,Big East,2025
Yale,team.php?team=Yale,Yale,conf.php?c=Ivy,Ivy,Yale,Yale,Yale,Yale,Yale,Yale,yale,Yale,Ivy,2025
Youngstown St.,team.php?team=Youngstown+St.,Youngstown+St.,conf.php?c=Horz,Horz,Youngstown St.,Youngstown St,Youngstown State,Youngstown State,Youngstown St.,Youngstown State,youngstown-state,Youngstown State,Horizon,2025
NA,NA,NA,NA,NA,NA,Birmingham-Southern,NA,NA,NA,NA,birmingham-southern,Birmingham-Southern,,NA
NA,NA,NA,NA,NA,NA,Centenary,NA,NA,Centenary,NA,centenary-la,Centenary (LA),,NA
NA,NA,NA,NA,NA,NA,Morris Brown,NA,NA,NA,NA,morris-brown,Morris Brown,,NA
NA,NA,NA,NA,NA,NA,Savannah St,NA,NA,Savannah St.,NA,savannah-state,Savannah State,,NA
