"Team","Team.link","team.link.ref","Conf","Conf.link","conf.link.ref","Year"
"Abilene Christian","team.php?team=Abilene+Christian","Abilene+Christian","WAC","conf.php?c=WAC","WAC",2025
"Air Force","team.php?team=Air+Force","Air+Force","MWC","conf.php?c=MWC","MWC",2025
"Akron","team.php?team=Akron","Akron","MAC","conf.php?c=MAC","MAC",2025
"Alabama","team.php?team=Alabama","Alabama","SEC","conf.php?c=SEC","SEC",2025
"Alabama A&M","team.php?team=Alabama+A%26M","Alabama+A%26M","SWAC","conf.php?c=SWAC","SWAC",2025
"Alabama St.","team.php?team=Alabama+St.","Alabama+St.","SWAC","conf.php?c=SWAC","SWAC",2025
"Albany","team.php?team=Albany","Albany","AE","conf.php?c=AE","AE",2025
"Alcorn St.","team.php?team=Alcorn+St.","Alcorn+St.","SWAC","conf.php?c=SWAC","SWAC",2025
"American","team.php?team=American","American","PL","conf.php?c=PL","PL",2025
"Appalachian St.","team.php?team=Appalachian+St.","Appalachian+St.","SB","conf.php?c=SB","SB",2025
"Arizona","team.php?team=Arizona","Arizona","B12","conf.php?c=B12","B12",2025
"Arizona St.","team.php?team=Arizona+St.","Arizona+St.","B12","conf.php?c=B12","B12",2025
"Arkansas","team.php?team=Arkansas","Arkansas","SEC","conf.php?c=SEC","SEC",2025
"Arkansas Pine Bluff","team.php?team=Arkansas+Pine+Bluff","Arkansas+Pine+Bluff","SWAC","conf.php?c=SWAC","SWAC",2025
"Arkansas St.","team.php?team=Arkansas+St.","Arkansas+St.","SB","conf.php?c=SB","SB",2025
"Army","team.php?team=Army","Army","PL","conf.php?c=PL","PL",2025
"Auburn","team.php?team=Auburn","Auburn","SEC","conf.php?c=SEC","SEC",2025
"Austin Peay","team.php?team=Austin+Peay","Austin+Peay","ASun","conf.php?c=ASun","ASun",2025
"BYU","team.php?team=BYU","BYU","B12","conf.php?c=B12","B12",2025
"Ball St.","team.php?team=Ball+St.","Ball+St.","MAC","conf.php?c=MAC","MAC",2025
"Baylor","team.php?team=Baylor","Baylor","B12","conf.php?c=B12","B12",2025
"Bellarmine","team.php?team=Bellarmine","Bellarmine","ASun","conf.php?c=ASun","ASun",2025
"Belmont","team.php?team=Belmont","Belmont","MVC","conf.php?c=MVC","MVC",2025
"Bethune Cookman","team.php?team=Bethune+Cookman","Bethune+Cookman","SWAC","conf.php?c=SWAC","SWAC",2025
"Binghamton","team.php?team=Binghamton","Binghamton","AE","conf.php?c=AE","AE",2025
"Boise St.","team.php?team=Boise+St.","Boise+St.","MWC","conf.php?c=MWC","MWC",2025
"Boston College","team.php?team=Boston+College","Boston+College","ACC","conf.php?c=ACC","ACC",2025
"Boston University","team.php?team=Boston+University","Boston+University","PL","conf.php?c=PL","PL",2025
"Bowling Green","team.php?team=Bowling+Green","Bowling+Green","MAC","conf.php?c=MAC","MAC",2025
"Bradley","team.php?team=Bradley","Bradley","MVC","conf.php?c=MVC","MVC",2025
"Brown","team.php?team=Brown","Brown","Ivy","conf.php?c=Ivy","Ivy",2025
"Bryant","team.php?team=Bryant","Bryant","AE","conf.php?c=AE","AE",2025
"Bucknell","team.php?team=Bucknell","Bucknell","PL","conf.php?c=PL","PL",2025
"Buffalo","team.php?team=Buffalo","Buffalo","MAC","conf.php?c=MAC","MAC",2025
"Butler","team.php?team=Butler","Butler","BE","conf.php?c=BE","BE",2025
"CSUN","team.php?team=CSUN","CSUN","BW","conf.php?c=BW","BW",2025
"Cal Baptist","team.php?team=Cal+Baptist","Cal+Baptist","WAC","conf.php?c=WAC","WAC",2025
"Cal Poly","team.php?team=Cal+Poly","Cal+Poly","BW","conf.php?c=BW","BW",2025
"Cal St. Bakersfield","team.php?team=Cal+St.+Bakersfield","Cal+St.+Bakersfield","BW","conf.php?c=BW","BW",2025
"Cal St. Fullerton","team.php?team=Cal+St.+Fullerton","Cal+St.+Fullerton","BW","conf.php?c=BW","BW",2025
"California","team.php?team=California","California","ACC","conf.php?c=ACC","ACC",2025
"Campbell","team.php?team=Campbell","Campbell","CAA","conf.php?c=CAA","CAA",2025
"Canisius","team.php?team=Canisius","Canisius","MAAC","conf.php?c=MAAC","MAAC",2025
"Central Arkansas","team.php?team=Central+Arkansas","Central+Arkansas","ASun","conf.php?c=ASun","ASun",2025
"Central Connecticut","team.php?team=Central+Connecticut","Central+Connecticut","NEC","conf.php?c=NEC","NEC",2025
"Central Michigan","team.php?team=Central+Michigan","Central+Michigan","MAC","conf.php?c=MAC","MAC",2025
"Charleston","team.php?team=Charleston","Charleston","CAA","conf.php?c=CAA","CAA",2025
"Charleston Southern","team.php?team=Charleston+Southern","Charleston+Southern","BSth","conf.php?c=BSth","BSth",2025
"Charlotte","team.php?team=Charlotte","Charlotte","Amer","conf.php?c=Amer","Amer",2025
"Chattanooga","team.php?team=Chattanooga","Chattanooga","SC","conf.php?c=SC","SC",2025
"Chicago St.","team.php?team=Chicago+St.","Chicago+St.","NEC","conf.php?c=NEC","NEC",2025
"Cincinnati","team.php?team=Cincinnati","Cincinnati","B12","conf.php?c=B12","B12",2025
"Clemson","team.php?team=Clemson","Clemson","ACC","conf.php?c=ACC","ACC",2025
"Cleveland St.","team.php?team=Cleveland+St.","Cleveland+St.","Horz","conf.php?c=Horz","Horz",2025
"Coastal Carolina","team.php?team=Coastal+Carolina","Coastal+Carolina","SB","conf.php?c=SB","SB",2025
"Colgate","team.php?team=Colgate","Colgate","PL","conf.php?c=PL","PL",2025
"Colorado","team.php?team=Colorado","Colorado","B12","conf.php?c=B12","B12",2025
"Colorado St.","team.php?team=Colorado+St.","Colorado+St.","MWC","conf.php?c=MWC","MWC",2025
"Columbia","team.php?team=Columbia","Columbia","Ivy","conf.php?c=Ivy","Ivy",2025
"Connecticut","team.php?team=Connecticut","Connecticut","BE","conf.php?c=BE","BE",2025
"Coppin St.","team.php?team=Coppin+St.","Coppin+St.","MEAC","conf.php?c=MEAC","MEAC",2025
"Cornell","team.php?team=Cornell","Cornell","Ivy","conf.php?c=Ivy","Ivy",2025
"Creighton","team.php?team=Creighton","Creighton","BE","conf.php?c=BE","BE",2025
"Dartmouth","team.php?team=Dartmouth","Dartmouth","Ivy","conf.php?c=Ivy","Ivy",2025
"Davidson","team.php?team=Davidson","Davidson","A10","conf.php?c=A10","A10",2025
"Dayton","team.php?team=Dayton","Dayton","A10","conf.php?c=A10","A10",2025
"DePaul","team.php?team=DePaul","DePaul","BE","conf.php?c=BE","BE",2025
"Delaware","team.php?team=Delaware","Delaware","CAA","conf.php?c=CAA","CAA",2025
"Delaware St.","team.php?team=Delaware+St.","Delaware+St.","MEAC","conf.php?c=MEAC","MEAC",2025
"Denver","team.php?team=Denver","Denver","Sum","conf.php?c=Sum","Sum",2025
"Detroit Mercy","team.php?team=Detroit+Mercy","Detroit+Mercy","Horz","conf.php?c=Horz","Horz",2025
"Drake","team.php?team=Drake","Drake","MVC","conf.php?c=MVC","MVC",2025
"Drexel","team.php?team=Drexel","Drexel","CAA","conf.php?c=CAA","CAA",2025
"Duke","team.php?team=Duke","Duke","ACC","conf.php?c=ACC","ACC",2025
"Duquesne","team.php?team=Duquesne","Duquesne","A10","conf.php?c=A10","A10",2025
"East Carolina","team.php?team=East+Carolina","East+Carolina","Amer","conf.php?c=Amer","Amer",2025
"East Tennessee St.","team.php?team=East+Tennessee+St.","East+Tennessee+St.","SC","conf.php?c=SC","SC",2025
"Eastern Illinois","team.php?team=Eastern+Illinois","Eastern+Illinois","OVC","conf.php?c=OVC","OVC",2025
"Eastern Kentucky","team.php?team=Eastern+Kentucky","Eastern+Kentucky","ASun","conf.php?c=ASun","ASun",2025
"Eastern Michigan","team.php?team=Eastern+Michigan","Eastern+Michigan","MAC","conf.php?c=MAC","MAC",2025
"Eastern Washington","team.php?team=Eastern+Washington","Eastern+Washington","BSky","conf.php?c=BSky","BSky",2025
"Elon","team.php?team=Elon","Elon","CAA","conf.php?c=CAA","CAA",2025
"Evansville","team.php?team=Evansville","Evansville","MVC","conf.php?c=MVC","MVC",2025
"FIU","team.php?team=FIU","FIU","CUSA","conf.php?c=CUSA","CUSA",2025
"Fairfield","team.php?team=Fairfield","Fairfield","MAAC","conf.php?c=MAAC","MAAC",2025
"Fairleigh Dickinson","team.php?team=Fairleigh+Dickinson","Fairleigh+Dickinson","NEC","conf.php?c=NEC","NEC",2025
"Florida","team.php?team=Florida","Florida","SEC","conf.php?c=SEC","SEC",2025
"Florida A&M","team.php?team=Florida+A%26M","Florida+A%26M","SWAC","conf.php?c=SWAC","SWAC",2025
"Florida Atlantic","team.php?team=Florida+Atlantic","Florida+Atlantic","Amer","conf.php?c=Amer","Amer",2025
"Florida Gulf Coast","team.php?team=Florida+Gulf+Coast","Florida+Gulf+Coast","ASun","conf.php?c=ASun","ASun",2025
"Florida St.","team.php?team=Florida+St.","Florida+St.","ACC","conf.php?c=ACC","ACC",2025
"Fordham","team.php?team=Fordham","Fordham","A10","conf.php?c=A10","A10",2025
"Fresno St.","team.php?team=Fresno+St.","Fresno+St.","MWC","conf.php?c=MWC","MWC",2025
"Furman","team.php?team=Furman","Furman","SC","conf.php?c=SC","SC",2025
"Gardner Webb","team.php?team=Gardner+Webb","Gardner+Webb","BSth","conf.php?c=BSth","BSth",2025
"George Mason","team.php?team=George+Mason","George+Mason","A10","conf.php?c=A10","A10",2025
"George Washington","team.php?team=George+Washington","George+Washington","A10","conf.php?c=A10","A10",2025
"Georgetown","team.php?team=Georgetown","Georgetown","BE","conf.php?c=BE","BE",2025
"Georgia","team.php?team=Georgia","Georgia","SEC","conf.php?c=SEC","SEC",2025
"Georgia Southern","team.php?team=Georgia+Southern","Georgia+Southern","SB","conf.php?c=SB","SB",2025
"Georgia St.","team.php?team=Georgia+St.","Georgia+St.","SB","conf.php?c=SB","SB",2025
"Georgia Tech","team.php?team=Georgia+Tech","Georgia+Tech","ACC","conf.php?c=ACC","ACC",2025
"Gonzaga","team.php?team=Gonzaga","Gonzaga","WCC","conf.php?c=WCC","WCC",2025
"Grambling St.","team.php?team=Grambling+St.","Grambling+St.","SWAC","conf.php?c=SWAC","SWAC",2025
"Grand Canyon","team.php?team=Grand+Canyon","Grand+Canyon","WAC","conf.php?c=WAC","WAC",2025
"Green Bay","team.php?team=Green+Bay","Green+Bay","Horz","conf.php?c=Horz","Horz",2025
"Hampton","team.php?team=Hampton","Hampton","CAA","conf.php?c=CAA","CAA",2025
"Harvard","team.php?team=Harvard","Harvard","Ivy","conf.php?c=Ivy","Ivy",2025
"Hawaii","team.php?team=Hawaii","Hawaii","BW","conf.php?c=BW","BW",2025
"High Point","team.php?team=High+Point","High+Point","BSth","conf.php?c=BSth","BSth",2025
"Hofstra","team.php?team=Hofstra","Hofstra","CAA","conf.php?c=CAA","CAA",2025
"Holy Cross","team.php?team=Holy+Cross","Holy+Cross","PL","conf.php?c=PL","PL",2025
"Houston","team.php?team=Houston","Houston","B12","conf.php?c=B12","B12",2025
"Houston Christian","team.php?team=Houston+Christian","Houston+Christian","Slnd","conf.php?c=Slnd","Slnd",2025
"Howard","team.php?team=Howard","Howard","MEAC","conf.php?c=MEAC","MEAC",2025
"IU Indy","team.php?team=IU+Indy","IU+Indy","Horz","conf.php?c=Horz","Horz",2025
"Idaho","team.php?team=Idaho","Idaho","BSky","conf.php?c=BSky","BSky",2025
"Idaho St.","team.php?team=Idaho+St.","Idaho+St.","BSky","conf.php?c=BSky","BSky",2025
"Illinois","team.php?team=Illinois","Illinois","B10","conf.php?c=B10","B10",2025
"Illinois Chicago","team.php?team=Illinois+Chicago","Illinois+Chicago","MVC","conf.php?c=MVC","MVC",2025
"Illinois St.","team.php?team=Illinois+St.","Illinois+St.","MVC","conf.php?c=MVC","MVC",2025
"Incarnate Word","team.php?team=Incarnate+Word","Incarnate+Word","Slnd","conf.php?c=Slnd","Slnd",2025
"Indiana","team.php?team=Indiana","Indiana","B10","conf.php?c=B10","B10",2025
"Indiana St.","team.php?team=Indiana+St.","Indiana+St.","MVC","conf.php?c=MVC","MVC",2025
"Iona","team.php?team=Iona","Iona","MAAC","conf.php?c=MAAC","MAAC",2025
"Iowa","team.php?team=Iowa","Iowa","B10","conf.php?c=B10","B10",2025
"Iowa St.","team.php?team=Iowa+St.","Iowa+St.","B12","conf.php?c=B12","B12",2025
"Jackson St.","team.php?team=Jackson+St.","Jackson+St.","SWAC","conf.php?c=SWAC","SWAC",2025
"Jacksonville","team.php?team=Jacksonville","Jacksonville","ASun","conf.php?c=ASun","ASun",2025
"Jacksonville St.","team.php?team=Jacksonville+St.","Jacksonville+St.","CUSA","conf.php?c=CUSA","CUSA",2025
"James Madison","team.php?team=James+Madison","James+Madison","SB","conf.php?c=SB","SB",2025
"Kansas","team.php?team=Kansas","Kansas","B12","conf.php?c=B12","B12",2025
"Kansas City","team.php?team=Kansas+City","Kansas+City","Sum","conf.php?c=Sum","Sum",2025
"Kansas St.","team.php?team=Kansas+St.","Kansas+St.","B12","conf.php?c=B12","B12",2025
"Kennesaw St.","team.php?team=Kennesaw+St.","Kennesaw+St.","CUSA","conf.php?c=CUSA","CUSA",2025
"Kent St.","team.php?team=Kent+St.","Kent+St.","MAC","conf.php?c=MAC","MAC",2025
"Kentucky","team.php?team=Kentucky","Kentucky","SEC","conf.php?c=SEC","SEC",2025
"LIU","team.php?team=LIU","LIU","NEC","conf.php?c=NEC","NEC",2025
"LSU","team.php?team=LSU","LSU","SEC","conf.php?c=SEC","SEC",2025
"La Salle","team.php?team=La+Salle","La+Salle","A10","conf.php?c=A10","A10",2025
"Lafayette","team.php?team=Lafayette","Lafayette","PL","conf.php?c=PL","PL",2025
"Lamar","team.php?team=Lamar","Lamar","Slnd","conf.php?c=Slnd","Slnd",2025
"Le Moyne","team.php?team=Le+Moyne","Le+Moyne","NEC","conf.php?c=NEC","NEC",2025
"Lehigh","team.php?team=Lehigh","Lehigh","PL","conf.php?c=PL","PL",2025
"Liberty","team.php?team=Liberty","Liberty","CUSA","conf.php?c=CUSA","CUSA",2025
"Lindenwood","team.php?team=Lindenwood","Lindenwood","OVC","conf.php?c=OVC","OVC",2025
"Lipscomb","team.php?team=Lipscomb","Lipscomb","ASun","conf.php?c=ASun","ASun",2025
"Little Rock","team.php?team=Little+Rock","Little+Rock","OVC","conf.php?c=OVC","OVC",2025
"Long Beach St.","team.php?team=Long+Beach+St.","Long+Beach+St.","BW","conf.php?c=BW","BW",2025
"Longwood","team.php?team=Longwood","Longwood","BSth","conf.php?c=BSth","BSth",2025
"Louisiana","team.php?team=Louisiana","Louisiana","SB","conf.php?c=SB","SB",2025
"Louisiana Monroe","team.php?team=Louisiana+Monroe","Louisiana+Monroe","SB","conf.php?c=SB","SB",2025
"Louisiana Tech","team.php?team=Louisiana+Tech","Louisiana+Tech","CUSA","conf.php?c=CUSA","CUSA",2025
"Louisville","team.php?team=Louisville","Louisville","ACC","conf.php?c=ACC","ACC",2025
"Loyola Chicago","team.php?team=Loyola+Chicago","Loyola+Chicago","A10","conf.php?c=A10","A10",2025
"Loyola MD","team.php?team=Loyola+MD","Loyola+MD","PL","conf.php?c=PL","PL",2025
"Loyola Marymount","team.php?team=Loyola+Marymount","Loyola+Marymount","WCC","conf.php?c=WCC","WCC",2025
"Maine","team.php?team=Maine","Maine","AE","conf.php?c=AE","AE",2025
"Manhattan","team.php?team=Manhattan","Manhattan","MAAC","conf.php?c=MAAC","MAAC",2025
"Marist","team.php?team=Marist","Marist","MAAC","conf.php?c=MAAC","MAAC",2025
"Marquette","team.php?team=Marquette","Marquette","BE","conf.php?c=BE","BE",2025
"Marshall","team.php?team=Marshall","Marshall","SB","conf.php?c=SB","SB",2025
"Maryland","team.php?team=Maryland","Maryland","B10","conf.php?c=B10","B10",2025
"Maryland Eastern Shore","team.php?team=Maryland+Eastern+Shore","Maryland+Eastern+Shore","MEAC","conf.php?c=MEAC","MEAC",2025
"Massachusetts","team.php?team=Massachusetts","Massachusetts","A10","conf.php?c=A10","A10",2025
"McNeese","team.php?team=McNeese","McNeese","Slnd","conf.php?c=Slnd","Slnd",2025
"Memphis","team.php?team=Memphis","Memphis","Amer","conf.php?c=Amer","Amer",2025
"Mercer","team.php?team=Mercer","Mercer","SC","conf.php?c=SC","SC",2025
"Mercyhurst","team.php?team=Mercyhurst","Mercyhurst","NEC","conf.php?c=NEC","NEC",2025
"Merrimack","team.php?team=Merrimack","Merrimack","MAAC","conf.php?c=MAAC","MAAC",2025
"Miami FL","team.php?team=Miami+FL","Miami+FL","ACC","conf.php?c=ACC","ACC",2025
"Miami OH","team.php?team=Miami+OH","Miami+OH","MAC","conf.php?c=MAC","MAC",2025
"Michigan","team.php?team=Michigan","Michigan","B10","conf.php?c=B10","B10",2025
"Michigan St.","team.php?team=Michigan+St.","Michigan+St.","B10","conf.php?c=B10","B10",2025
"Middle Tennessee","team.php?team=Middle+Tennessee","Middle+Tennessee","CUSA","conf.php?c=CUSA","CUSA",2025
"Milwaukee","team.php?team=Milwaukee","Milwaukee","Horz","conf.php?c=Horz","Horz",2025
"Minnesota","team.php?team=Minnesota","Minnesota","B10","conf.php?c=B10","B10",2025
"Mississippi","team.php?team=Mississippi","Mississippi","SEC","conf.php?c=SEC","SEC",2025
"Mississippi St.","team.php?team=Mississippi+St.","Mississippi+St.","SEC","conf.php?c=SEC","SEC",2025
"Mississippi Valley St.","team.php?team=Mississippi+Valley+St.","Mississippi+Valley+St.","SWAC","conf.php?c=SWAC","SWAC",2025
"Missouri","team.php?team=Missouri","Missouri","SEC","conf.php?c=SEC","SEC",2025
"Missouri St.","team.php?team=Missouri+St.","Missouri+St.","MVC","conf.php?c=MVC","MVC",2025
"Monmouth","team.php?team=Monmouth","Monmouth","CAA","conf.php?c=CAA","CAA",2025
"Montana","team.php?team=Montana","Montana","BSky","conf.php?c=BSky","BSky",2025
"Montana St.","team.php?team=Montana+St.","Montana+St.","BSky","conf.php?c=BSky","BSky",2025
"Morehead St.","team.php?team=Morehead+St.","Morehead+St.","OVC","conf.php?c=OVC","OVC",2025
"Morgan St.","team.php?team=Morgan+St.","Morgan+St.","MEAC","conf.php?c=MEAC","MEAC",2025
"Mount St. Mary's","team.php?team=Mount+St.+Mary%27s","Mount+St.+Mary%27s","MAAC","conf.php?c=MAAC","MAAC",2025
"Murray St.","team.php?team=Murray+St.","Murray+St.","MVC","conf.php?c=MVC","MVC",2025
"N.C. State","team.php?team=N.C.+State","N.C.+State","ACC","conf.php?c=ACC","ACC",2025
"NJIT","team.php?team=NJIT","NJIT","AE","conf.php?c=AE","AE",2025
"Navy","team.php?team=Navy","Navy","PL","conf.php?c=PL","PL",2025
"Nebraska","team.php?team=Nebraska","Nebraska","B10","conf.php?c=B10","B10",2025
"Nebraska Omaha","team.php?team=Nebraska+Omaha","Nebraska+Omaha","Sum","conf.php?c=Sum","Sum",2025
"Nevada","team.php?team=Nevada","Nevada","MWC","conf.php?c=MWC","MWC",2025
"New Hampshire","team.php?team=New+Hampshire","New+Hampshire","AE","conf.php?c=AE","AE",2025
"New Mexico","team.php?team=New+Mexico","New+Mexico","MWC","conf.php?c=MWC","MWC",2025
"New Mexico St.","team.php?team=New+Mexico+St.","New+Mexico+St.","CUSA","conf.php?c=CUSA","CUSA",2025
"New Orleans","team.php?team=New+Orleans","New+Orleans","Slnd","conf.php?c=Slnd","Slnd",2025
"Niagara","team.php?team=Niagara","Niagara","MAAC","conf.php?c=MAAC","MAAC",2025
"Nicholls","team.php?team=Nicholls","Nicholls","Slnd","conf.php?c=Slnd","Slnd",2025
"Norfolk St.","team.php?team=Norfolk+St.","Norfolk+St.","MEAC","conf.php?c=MEAC","MEAC",2025
"North Alabama","team.php?team=North+Alabama","North+Alabama","ASun","conf.php?c=ASun","ASun",2025
"North Carolina","team.php?team=North+Carolina","North+Carolina","ACC","conf.php?c=ACC","ACC",2025
"North Carolina A&T","team.php?team=North+Carolina+A%26T","North+Carolina+A%26T","CAA","conf.php?c=CAA","CAA",2025
"North Carolina Central","team.php?team=North+Carolina+Central","North+Carolina+Central","MEAC","conf.php?c=MEAC","MEAC",2025
"North Dakota","team.php?team=North+Dakota","North+Dakota","Sum","conf.php?c=Sum","Sum",2025
"North Dakota St.","team.php?team=North+Dakota+St.","North+Dakota+St.","Sum","conf.php?c=Sum","Sum",2025
"North Florida","team.php?team=North+Florida","North+Florida","ASun","conf.php?c=ASun","ASun",2025
"North Texas","team.php?team=North+Texas","North+Texas","Amer","conf.php?c=Amer","Amer",2025
"Northeastern","team.php?team=Northeastern","Northeastern","CAA","conf.php?c=CAA","CAA",2025
"Northern Arizona","team.php?team=Northern+Arizona","Northern+Arizona","BSky","conf.php?c=BSky","BSky",2025
"Northern Colorado","team.php?team=Northern+Colorado","Northern+Colorado","BSky","conf.php?c=BSky","BSky",2025
"Northern Illinois","team.php?team=Northern+Illinois","Northern+Illinois","MAC","conf.php?c=MAC","MAC",2025
"Northern Iowa","team.php?team=Northern+Iowa","Northern+Iowa","MVC","conf.php?c=MVC","MVC",2025
"Northern Kentucky","team.php?team=Northern+Kentucky","Northern+Kentucky","Horz","conf.php?c=Horz","Horz",2025
"Northwestern","team.php?team=Northwestern","Northwestern","B10","conf.php?c=B10","B10",2025
"Northwestern St.","team.php?team=Northwestern+St.","Northwestern+St.","Slnd","conf.php?c=Slnd","Slnd",2025
"Notre Dame","team.php?team=Notre+Dame","Notre+Dame","ACC","conf.php?c=ACC","ACC",2025
"Oakland","team.php?team=Oakland","Oakland","Horz","conf.php?c=Horz","Horz",2025
"Ohio","team.php?team=Ohio","Ohio","MAC","conf.php?c=MAC","MAC",2025
"Ohio St.","team.php?team=Ohio+St.","Ohio+St.","B10","conf.php?c=B10","B10",2025
"Oklahoma","team.php?team=Oklahoma","Oklahoma","SEC","conf.php?c=SEC","SEC",2025
"Oklahoma St.","team.php?team=Oklahoma+St.","Oklahoma+St.","B12","conf.php?c=B12","B12",2025
"Old Dominion","team.php?team=Old+Dominion","Old+Dominion","SB","conf.php?c=SB","SB",2025
"Oral Roberts","team.php?team=Oral+Roberts","Oral+Roberts","Sum","conf.php?c=Sum","Sum",2025
"Oregon","team.php?team=Oregon","Oregon","B10","conf.php?c=B10","B10",2025
"Oregon St.","team.php?team=Oregon+St.","Oregon+St.","WCC","conf.php?c=WCC","WCC",2025
"Pacific","team.php?team=Pacific","Pacific","WCC","conf.php?c=WCC","WCC",2025
"Penn","team.php?team=Penn","Penn","Ivy","conf.php?c=Ivy","Ivy",2025
"Penn St.","team.php?team=Penn+St.","Penn+St.","B10","conf.php?c=B10","B10",2025
"Pepperdine","team.php?team=Pepperdine","Pepperdine","WCC","conf.php?c=WCC","WCC",2025
"Pittsburgh","team.php?team=Pittsburgh","Pittsburgh","ACC","conf.php?c=ACC","ACC",2025
"Portland","team.php?team=Portland","Portland","WCC","conf.php?c=WCC","WCC",2025
"Portland St.","team.php?team=Portland+St.","Portland+St.","BSky","conf.php?c=BSky","BSky",2025
"Prairie View A&M","team.php?team=Prairie+View+A%26M","Prairie+View+A%26M","SWAC","conf.php?c=SWAC","SWAC",2025
"Presbyterian","team.php?team=Presbyterian","Presbyterian","BSth","conf.php?c=BSth","BSth",2025
"Princeton","team.php?team=Princeton","Princeton","Ivy","conf.php?c=Ivy","Ivy",2025
"Providence","team.php?team=Providence","Providence","BE","conf.php?c=BE","BE",2025
"Purdue","team.php?team=Purdue","Purdue","B10","conf.php?c=B10","B10",2025
"Purdue Fort Wayne","team.php?team=Purdue+Fort+Wayne","Purdue+Fort+Wayne","Horz","conf.php?c=Horz","Horz",2025
"Queens","team.php?team=Queens","Queens","ASun","conf.php?c=ASun","ASun",2025
"Quinnipiac","team.php?team=Quinnipiac","Quinnipiac","MAAC","conf.php?c=MAAC","MAAC",2025
"Radford","team.php?team=Radford","Radford","BSth","conf.php?c=BSth","BSth",2025
"Rhode Island","team.php?team=Rhode+Island","Rhode+Island","A10","conf.php?c=A10","A10",2025
"Rice","team.php?team=Rice","Rice","Amer","conf.php?c=Amer","Amer",2025
"Richmond","team.php?team=Richmond","Richmond","A10","conf.php?c=A10","A10",2025
"Rider","team.php?team=Rider","Rider","MAAC","conf.php?c=MAAC","MAAC",2025
"Robert Morris","team.php?team=Robert+Morris","Robert+Morris","Horz","conf.php?c=Horz","Horz",2025
"Rutgers","team.php?team=Rutgers","Rutgers","B10","conf.php?c=B10","B10",2025
"SIUE","team.php?team=SIUE","SIUE","OVC","conf.php?c=OVC","OVC",2025
"SMU","team.php?team=SMU","SMU","ACC","conf.php?c=ACC","ACC",2025
"Sacramento St.","team.php?team=Sacramento+St.","Sacramento+St.","BSky","conf.php?c=BSky","BSky",2025
"Sacred Heart","team.php?team=Sacred+Heart","Sacred+Heart","MAAC","conf.php?c=MAAC","MAAC",2025
"Saint Francis","team.php?team=Saint+Francis","Saint+Francis","NEC","conf.php?c=NEC","NEC",2025
"Saint Joseph's","team.php?team=Saint+Joseph%27s","Saint+Joseph%27s","A10","conf.php?c=A10","A10",2025
"Saint Louis","team.php?team=Saint+Louis","Saint+Louis","A10","conf.php?c=A10","A10",2025
"Saint Mary's","team.php?team=Saint+Mary%27s","Saint+Mary%27s","WCC","conf.php?c=WCC","WCC",2025
"Saint Peter's","team.php?team=Saint+Peter%27s","Saint+Peter%27s","MAAC","conf.php?c=MAAC","MAAC",2025
"Sam Houston St.","team.php?team=Sam+Houston+St.","Sam+Houston+St.","CUSA","conf.php?c=CUSA","CUSA",2025
"Samford","team.php?team=Samford","Samford","SC","conf.php?c=SC","SC",2025
"San Diego","team.php?team=San+Diego","San+Diego","WCC","conf.php?c=WCC","WCC",2025
"San Diego St.","team.php?team=San+Diego+St.","San+Diego+St.","MWC","conf.php?c=MWC","MWC",2025
"San Francisco","team.php?team=San+Francisco","San+Francisco","WCC","conf.php?c=WCC","WCC",2025
"San Jose St.","team.php?team=San+Jose+St.","San+Jose+St.","MWC","conf.php?c=MWC","MWC",2025
"Santa Clara","team.php?team=Santa+Clara","Santa+Clara","WCC","conf.php?c=WCC","WCC",2025
"Seattle","team.php?team=Seattle","Seattle","WAC","conf.php?c=WAC","WAC",2025
"Seton Hall","team.php?team=Seton+Hall","Seton+Hall","BE","conf.php?c=BE","BE",2025
"Siena","team.php?team=Siena","Siena","MAAC","conf.php?c=MAAC","MAAC",2025
"South Alabama","team.php?team=South+Alabama","South+Alabama","SB","conf.php?c=SB","SB",2025
"South Carolina","team.php?team=South+Carolina","South+Carolina","SEC","conf.php?c=SEC","SEC",2025
"South Carolina St.","team.php?team=South+Carolina+St.","South+Carolina+St.","MEAC","conf.php?c=MEAC","MEAC",2025
"South Dakota","team.php?team=South+Dakota","South+Dakota","Sum","conf.php?c=Sum","Sum",2025
"South Dakota St.","team.php?team=South+Dakota+St.","South+Dakota+St.","Sum","conf.php?c=Sum","Sum",2025
"South Florida","team.php?team=South+Florida","South+Florida","Amer","conf.php?c=Amer","Amer",2025
"Southeast Missouri","team.php?team=Southeast+Missouri","Southeast+Missouri","OVC","conf.php?c=OVC","OVC",2025
"Southeastern Louisiana","team.php?team=Southeastern+Louisiana","Southeastern+Louisiana","Slnd","conf.php?c=Slnd","Slnd",2025
"Southern","team.php?team=Southern","Southern","SWAC","conf.php?c=SWAC","SWAC",2025
"Southern Illinois","team.php?team=Southern+Illinois","Southern+Illinois","MVC","conf.php?c=MVC","MVC",2025
"Southern Indiana","team.php?team=Southern+Indiana","Southern+Indiana","OVC","conf.php?c=OVC","OVC",2025
"Southern Miss","team.php?team=Southern+Miss","Southern+Miss","SB","conf.php?c=SB","SB",2025
"Southern Utah","team.php?team=Southern+Utah","Southern+Utah","WAC","conf.php?c=WAC","WAC",2025
"St. Bonaventure","team.php?team=St.+Bonaventure","St.+Bonaventure","A10","conf.php?c=A10","A10",2025
"St. John's","team.php?team=St.+John%27s","St.+John%27s","BE","conf.php?c=BE","BE",2025
"St. Thomas","team.php?team=St.+Thomas","St.+Thomas","Sum","conf.php?c=Sum","Sum",2025
"Stanford","team.php?team=Stanford","Stanford","ACC","conf.php?c=ACC","ACC",2025
"Stephen F. Austin","team.php?team=Stephen+F.+Austin","Stephen+F.+Austin","Slnd","conf.php?c=Slnd","Slnd",2025
"Stetson","team.php?team=Stetson","Stetson","ASun","conf.php?c=ASun","ASun",2025
"Stonehill","team.php?team=Stonehill","Stonehill","NEC","conf.php?c=NEC","NEC",2025
"Stony Brook","team.php?team=Stony+Brook","Stony+Brook","CAA","conf.php?c=CAA","CAA",2025
"Syracuse","team.php?team=Syracuse","Syracuse","ACC","conf.php?c=ACC","ACC",2025
"TCU","team.php?team=TCU","TCU","B12","conf.php?c=B12","B12",2025
"Tarleton St.","team.php?team=Tarleton+St.","Tarleton+St.","WAC","conf.php?c=WAC","WAC",2025
"Temple","team.php?team=Temple","Temple","Amer","conf.php?c=Amer","Amer",2025
"Tennessee","team.php?team=Tennessee","Tennessee","SEC","conf.php?c=SEC","SEC",2025
"Tennessee Martin","team.php?team=Tennessee+Martin","Tennessee+Martin","OVC","conf.php?c=OVC","OVC",2025
"Tennessee St.","team.php?team=Tennessee+St.","Tennessee+St.","OVC","conf.php?c=OVC","OVC",2025
"Tennessee Tech","team.php?team=Tennessee+Tech","Tennessee+Tech","OVC","conf.php?c=OVC","OVC",2025
"Texas","team.php?team=Texas","Texas","SEC","conf.php?c=SEC","SEC",2025
"Texas A&M","team.php?team=Texas+A%26M","Texas+A%26M","SEC","conf.php?c=SEC","SEC",2025
"Texas A&M Commerce","team.php?team=Texas+A%26M+Commerce","Texas+A%26M+Commerce","Slnd","conf.php?c=Slnd","Slnd",2025
"Texas A&M Corpus Chris","team.php?team=Texas+A%26M+Corpus+Chris","Texas+A%26M+Corpus+Chris","Slnd","conf.php?c=Slnd","Slnd",2025
"Texas Southern","team.php?team=Texas+Southern","Texas+Southern","SWAC","conf.php?c=SWAC","SWAC",2025
"Texas St.","team.php?team=Texas+St.","Texas+St.","SB","conf.php?c=SB","SB",2025
"Texas Tech","team.php?team=Texas+Tech","Texas+Tech","B12","conf.php?c=B12","B12",2025
"The Citadel","team.php?team=The+Citadel","The+Citadel","SC","conf.php?c=SC","SC",2025
"Toledo","team.php?team=Toledo","Toledo","MAC","conf.php?c=MAC","MAC",2025
"Towson","team.php?team=Towson","Towson","CAA","conf.php?c=CAA","CAA",2025
"Troy","team.php?team=Troy","Troy","SB","conf.php?c=SB","SB",2025
"Tulane","team.php?team=Tulane","Tulane","Amer","conf.php?c=Amer","Amer",2025
"Tulsa","team.php?team=Tulsa","Tulsa","Amer","conf.php?c=Amer","Amer",2025
"UAB","team.php?team=UAB","UAB","Amer","conf.php?c=Amer","Amer",2025
"UC Davis","team.php?team=UC+Davis","UC+Davis","BW","conf.php?c=BW","BW",2025
"UC Irvine","team.php?team=UC+Irvine","UC+Irvine","BW","conf.php?c=BW","BW",2025
"UC Riverside","team.php?team=UC+Riverside","UC+Riverside","BW","conf.php?c=BW","BW",2025
"UC San Diego","team.php?team=UC+San+Diego","UC+San+Diego","BW","conf.php?c=BW","BW",2025
"UC Santa Barbara","team.php?team=UC+Santa+Barbara","UC+Santa+Barbara","BW","conf.php?c=BW","BW",2025
"UCF","team.php?team=UCF","UCF","B12","conf.php?c=B12","B12",2025
"UCLA","team.php?team=UCLA","UCLA","B10","conf.php?c=B10","B10",2025
"UMBC","team.php?team=UMBC","UMBC","AE","conf.php?c=AE","AE",2025
"UMass Lowell","team.php?team=UMass+Lowell","UMass+Lowell","AE","conf.php?c=AE","AE",2025
"UNC Asheville","team.php?team=UNC+Asheville","UNC+Asheville","BSth","conf.php?c=BSth","BSth",2025
"UNC Greensboro","team.php?team=UNC+Greensboro","UNC+Greensboro","SC","conf.php?c=SC","SC",2025
"UNC Wilmington","team.php?team=UNC+Wilmington","UNC+Wilmington","CAA","conf.php?c=CAA","CAA",2025
"UNLV","team.php?team=UNLV","UNLV","MWC","conf.php?c=MWC","MWC",2025
"USC","team.php?team=USC","USC","B10","conf.php?c=B10","B10",2025
"USC Upstate","team.php?team=USC+Upstate","USC+Upstate","BSth","conf.php?c=BSth","BSth",2025
"UT Arlington","team.php?team=UT+Arlington","UT+Arlington","WAC","conf.php?c=WAC","WAC",2025
"UT Rio Grande Valley","team.php?team=UT+Rio+Grande+Valley","UT+Rio+Grande+Valley","Slnd","conf.php?c=Slnd","Slnd",2025
"UTEP","team.php?team=UTEP","UTEP","CUSA","conf.php?c=CUSA","CUSA",2025
"UTSA","team.php?team=UTSA","UTSA","Amer","conf.php?c=Amer","Amer",2025
"Utah","team.php?team=Utah","Utah","B12","conf.php?c=B12","B12",2025
"Utah St.","team.php?team=Utah+St.","Utah+St.","MWC","conf.php?c=MWC","MWC",2025
"Utah Tech","team.php?team=Utah+Tech","Utah+Tech","WAC","conf.php?c=WAC","WAC",2025
"Utah Valley","team.php?team=Utah+Valley","Utah+Valley","WAC","conf.php?c=WAC","WAC",2025
"VCU","team.php?team=VCU","VCU","A10","conf.php?c=A10","A10",2025
"VMI","team.php?team=VMI","VMI","SC","conf.php?c=SC","SC",2025
"Valparaiso","team.php?team=Valparaiso","Valparaiso","MVC","conf.php?c=MVC","MVC",2025
"Vanderbilt","team.php?team=Vanderbilt","Vanderbilt","SEC","conf.php?c=SEC","SEC",2025
"Vermont","team.php?team=Vermont","Vermont","AE","conf.php?c=AE","AE",2025
"Villanova","team.php?team=Villanova","Villanova","BE","conf.php?c=BE","BE",2025
"Virginia","team.php?team=Virginia","Virginia","ACC","conf.php?c=ACC","ACC",2025
"Virginia Tech","team.php?team=Virginia+Tech","Virginia+Tech","ACC","conf.php?c=ACC","ACC",2025
"Wagner","team.php?team=Wagner","Wagner","NEC","conf.php?c=NEC","NEC",2025
"Wake Forest","team.php?team=Wake+Forest","Wake+Forest","ACC","conf.php?c=ACC","ACC",2025
"Washington","team.php?team=Washington","Washington","B10","conf.php?c=B10","B10",2025
"Washington St.","team.php?team=Washington+St.","Washington+St.","WCC","conf.php?c=WCC","WCC",2025
"Weber St.","team.php?team=Weber+St.","Weber+St.","BSky","conf.php?c=BSky","BSky",2025
"West Georgia","team.php?team=West+Georgia","West+Georgia","ASun","conf.php?c=ASun","ASun",2025
"West Virginia","team.php?team=West+Virginia","West+Virginia","B12","conf.php?c=B12","B12",2025
"Western Carolina","team.php?team=Western+Carolina","Western+Carolina","SC","conf.php?c=SC","SC",2025
"Western Illinois","team.php?team=Western+Illinois","Western+Illinois","OVC","conf.php?c=OVC","OVC",2025
"Western Kentucky","team.php?team=Western+Kentucky","Western+Kentucky","CUSA","conf.php?c=CUSA","CUSA",2025
"Western Michigan","team.php?team=Western+Michigan","Western+Michigan","MAC","conf.php?c=MAC","MAC",2025
"Wichita St.","team.php?team=Wichita+St.","Wichita+St.","Amer","conf.php?c=Amer","Amer",2025
"William & Mary","team.php?team=William+%26+Mary","William+%26+Mary","CAA","conf.php?c=CAA","CAA",2025
"Winthrop","team.php?team=Winthrop","Winthrop","BSth","conf.php?c=BSth","BSth",2025
"Wisconsin","team.php?team=Wisconsin","Wisconsin","B10","conf.php?c=B10","B10",2025
"Wofford","team.php?team=Wofford","Wofford","SC","conf.php?c=SC","SC",2025
"Wright St.","team.php?team=Wright+St.","Wright+St.","Horz","conf.php?c=Horz","Horz",2025
"Wyoming","team.php?team=Wyoming","Wyoming","MWC","conf.php?c=MWC","MWC",2025
"Xavier","team.php?team=Xavier","Xavier","BE","conf.php?c=BE","BE",2025
"Yale","team.php?team=Yale","Yale","Ivy","conf.php?c=Ivy","Ivy",2025
"Youngstown St.","team.php?team=Youngstown+St.","Youngstown+St.","Horz","conf.php?c=Horz","Horz",2025
